prod_id,sku,product_name,category_hierarchy,brand,supplier_id,cost_price,retail_price,currency,weight_kg,dimensions_cm,is_active,stock_count,reorder_level,warehouse_location,metadata_json
1,SKU-X5910,Product 1,Home>Kitchen>Appliances,Unknown,117,$46.77,217.11,USD,6.3,43x50x11,1,411,33,Zone C,"{""color"": ""Red"", ""material"": ""Wood"", ""warranty_years"": 4}"
2,SKU-N2168,Product 2,Electronics>Video>TVs,Samsung,100,€103.51,78.3,USD,19.73,16x31x24,True,,41,Zone A,"{""color"": ""Blue"", ""material"": ""Plastic"", ""warranty_years"": 2}"
3,SKU-C7043,Product 3,Apparel>Men>Shirts,Unknown,110,€10.44,489.79,USD,1.49,42x31x42,Yes,216,40,Zone A,"{""color"": ""White"", ""material"": ""Wood"", ""warranty_years"": 5}"
4,SKU-J1154,Product 4,Apparel>Men>Shirts,Samsung,146,$48.98,202.78,USD,11.43,12x12x46,0,463,25,Zone C,"{""color"": ""Red"", ""material"": ""Plastic"", ""warranty_years"": 4}"
5,SKU-Y4028,Product 5,Apparel>Men>Shirts,,143,€74.91,416.39,USD,5.28,17x33x40,False,53,41,Zone B,"{""color"": ""Blue"", ""material"": ""Wood"", ""warranty_years"": 1}"
6,SKU-Q5283,Product 6,Electronics>Video>TVs,LG,134,$23.7,104.77,USD,0.14,50x34x30,1,414,43,Zone C,"{""color"": ""Blue"", ""material"": ""Plastic"", ""warranty_years"": 3}"
7,SKU-Y4419,Product 7,Electronics>Video>TVs,Samsung,131,€29.72,86.63,USD,19.76,22x29x12,0,216,44,Zone A,"{""color"": ""Black"", ""material"": ""Wood"", ""warranty_years"": 3}"
8,SKU-N2399,Product 8,Apparel>Women>Shoes,Nike,141,€133.74,331.66,USD,9.68,12x40x24,No,463,46,Zone A,"{""color"": ""White"", ""material"": ""Plastic"", ""warranty_years"": 3}"
9,SKU-H7671,Product 9,Home>Kitchen>Appliances,Unknown,115,$181.77,456.47,USD,17.16,27x27x43,True,137,25,External,"{""color"": ""Red"", ""material"": ""Wood"", ""warranty_years"": 2}"
10,SKU-B8302,Product 10,Apparel>Women>Shoes,,105,$184.99,74.98,USD,16.82,46x42x25,0,414,30,Zone B,"{""color"": ""Blue"", ""material"": ""Plastic"", ""warranty_years"": 5}"
11,SKU-N7440,Product 11,Electronics>Video>TVs,,108,$77.88,302.84,USD,16.26,44x13x32,0,,22,Zone C,"{""color"": ""Red"", ""material"": ""Metal"", ""warranty_years"": 5}"
12,SKU-F9292,Product 12,Home>Kitchen>Appliances,Unknown,139,€12.72,60.77,USD,9.23,21x34x23,No,181,27,Zone B,"{""color"": ""White"", ""material"": ""Cotton"", ""warranty_years"": 4}"
13,SKU-P4948,Product 13,Apparel>Men>Shirts,Adidas,121,$175.8,409.84,USD,17.93,12x28x23,0,345,11,Zone B,"{""color"": ""White"", ""material"": ""Cotton"", ""warranty_years"": 1}"
14,SKU-K9829,Product 14,Apparel>Women>Shoes,Nike,147,€192.55,456.47,USD,7.41,10x49x12,True,-10,42,Zone A,"{""color"": ""Blue"", ""material"": ""Plastic"", ""warranty_years"": 5}"
15,SKU-Y1666,Product 15,Apparel>Women>Shoes,Samsung,107,$20.99,321.82,USD,8.23,32x36x46,1,414,27,External,"{""color"": ""White"", ""material"": ""Wood"", ""warranty_years"": 3}"
16,SKU-G2595,Product 16,Apparel>Women>Shoes,LG,131,€116.03,350.4,USD,5.19,45x27x15,False,463,37,Zone C,"{""color"": ""Blue"", ""material"": ""Cotton"", ""warranty_years"": 5}"
17,SKU-Q5566,Product 17,Electronics>Video>TVs,Adidas,125,$186.24,46.61,USD,9.02,24x19x33,Yes,52,46,Zone C,"{""color"": ""Blue"", ""material"": ""Cotton"", ""warranty_years"": 5}"
18,SKU-R5897,Product 18,Home>Kitchen>Appliances,Nike,117,$177.48,55.03,USD,19.73,50x14x23,1,137,44,External,"{""color"": ""Blue"", ""material"": ""Wood"", ""warranty_years"": 2}"
19,SKU-R9051,Product 19,Apparel>Men>Shirts,Samsung,136,$183.05,106.24,USD,11.51,31x46x20,False,411,46,External,"{""color"": ""White"", ""material"": ""Plastic"", ""warranty_years"": 4}"
20,SKU-L9139,Product 20,Electronics>Video>TVs,,111,$8.27,151.44,USD,16.64,50x10x20,True,,21,Zone A,"{""color"": ""Red"", ""material"": ""Cotton"", ""warranty_years"": 1}"
21,SKU-X2290,Product 21,Apparel>Men>Shirts,,137,€95.89,384.73,USD,5.34,43x12x49,False,345,49,Zone A,"{""color"": ""Red"", ""material"": ""Metal"", ""warranty_years"": 5}"
22,SKU-Y8429,Product 22,Electronics>Audio>Headphones,LG,133,€105.22,229.01,USD,19.12,13x27x49,True,286,17,Zone C,"{""color"": ""Blue"", ""material"": ""Wood"", ""warranty_years"": 4}"
23,SKU-H2160,Product 23,Electronics>Audio>Headphones,Samsung,103,$45.68,57.56,USD,0.36,17x28x41,False,181,34,External,"{""color"": ""Blue"", ""material"": ""Cotton"", ""warranty_years"": 4}"
24,SKU-K6730,Product 24,Apparel>Men>Shirts,Unknown,115,$159.79,429.27,USD,18.61,12x44x31,1,216,16,Zone B,"{""color"": ""Black"", ""material"": ""Cotton"", ""warranty_years"": 4}"
25,SKU-Z3189,Product 25,Electronics>Audio>Headphones,Nike,123,€115.64,497.04,USD,17.97,20x50x11,No,286,11,Zone B,"{""color"": ""Red"", ""material"": ""Plastic"", ""warranty_years"": 3}"
26,SKU-G2116,Product 26,Home>Kitchen>Appliances,Nike,113,€150.89,238.41,USD,1.44,34x20x50,No,,42,External,"{""color"": ""Red"", ""material"": ""Metal"", ""warranty_years"": 1}"
27,SKU-L4386,Product 27,Home>Kitchen>Appliances,Adidas,116,$27.43,265.65,USD,12.14,32x17x49,No,345,42,Zone C,"{""color"": ""White"", ""material"": ""Cotton"", ""warranty_years"": 1}"
28,SKU-L1785,Product 28,Electronics>Video>TVs,,130,$137.44,57.68,USD,15.73,22x31x38,True,-10,49,Zone B,"{""color"": ""Blue"", ""material"": ""Metal"", ""warranty_years"": 1}"
29,SKU-V1480,Product 29,Apparel>Men>Shirts,LG,103,€136.44,203.85,USD,8.14,13x15x33,0,-10,32,Zone B,"{""color"": ""Black"", ""material"": ""Wood"", ""warranty_years"": 1}"
30,SKU-E8918,Product 30,Electronics>Video>TVs,Sony,149,$188.51,198.47,USD,1.93,39x40x19,No,286,14,External,"{""color"": ""Blue"", ""material"": ""Metal"", ""warranty_years"": 2}"
31,SKU-D3355,Product 31,Home>Kitchen>Appliances,Samsung,143,€34.65,483.58,USD,16.61,36x19x41,True,286,23,Zone A,"{""color"": ""White"", ""material"": ""Wood"", ""warranty_years"": 5}"
32,SKU-A3419,Product 32,Home>Kitchen>Appliances,LG,133,$148.14,337.01,USD,9.38,50x38x22,True,414,17,Zone B,"{""color"": ""Blue"", ""material"": ""Plastic"", ""warranty_years"": 1}"
33,SKU-C7435,Product 33,Home>Kitchen>Appliances,Sony,137,$26.93,395.45,USD,5.34,24x38x34,False,137,29,Zone A,"{""color"": ""White"", ""material"": ""Wood"", ""warranty_years"": 1}"
34,SKU-G8521,Product 34,Apparel>Women>Shoes,LG,137,$168.98,81.6,USD,1.51,39x37x27,True,414,27,Zone B,"{""color"": ""White"", ""material"": ""Cotton"", ""warranty_years"": 2}"
35,SKU-E6023,Product 35,Electronics>Audio>Headphones,Samsung,102,$85.96,220.12,USD,12.84,31x40x12,False,181,32,Zone C,"{""color"": ""White"", ""material"": ""Wood"", ""warranty_years"": 1}"
36,SKU-J1493,Product 36,Electronics>Video>TVs,Samsung,107,$71.84,111.95,USD,0.94,28x21x28,1,216,38,Zone A,"{""color"": ""White"", ""material"": ""Metal"", ""warranty_years"": 5}"
37,SKU-W2181,Product 37,Electronics>Video>TVs,Adidas,111,$54.43,432.89,USD,15.84,20x24x49,True,286,16,Zone C,"{""color"": ""White"", ""material"": ""Plastic"", ""warranty_years"": 4}"
38,SKU-W6787,Product 38,Home>Kitchen>Appliances,Nike,134,$180.03,93.14,USD,15.44,48x40x18,0,414,33,Zone A,"{""color"": ""Red"", ""material"": ""Cotton"", ""warranty_years"": 1}"
39,SKU-N1473,Product 39,Apparel>Women>Shoes,Nike,101,€93.89,230.66,USD,6.53,12x29x49,0,411,34,External,"{""color"": ""Black"", ""material"": ""Plastic"", ""warranty_years"": 5}"
40,SKU-O7535,Product 40,Electronics>Video>TVs,Nike,128,$105.66,45.75,USD,9.5,14x32x21,1,216,23,External,"{""color"": ""Blue"", ""material"": ""Cotton"", ""warranty_years"": 4}"
41,SKU-Y3310,Product 41,Electronics>Video>TVs,Adidas,122,$79.87,324.46,USD,13.42,14x36x24,No,,47,Zone B,"{""color"": ""Blue"", ""material"": ""Wood"", ""warranty_years"": 4}"
42,SKU-M7974,Product 42,Apparel>Women>Shoes,Nike,132,$56.84,251.32,USD,19.19,17x41x40,0,-10,12,Zone C,"{""color"": ""Blue"", ""material"": ""Plastic"", ""warranty_years"": 3}"
43,SKU-Z7717,Product 43,Home>Kitchen>Appliances,LG,149,$155.47,259.02,USD,10.45,33x13x26,False,137,23,Zone A,"{""color"": ""Black"", ""material"": ""Metal"", ""warranty_years"": 4}"
44,SKU-M4753,Product 44,Apparel>Women>Shoes,Nike,117,€32.66,68.78,USD,19.93,45x26x27,True,463,12,Zone C,"{""color"": ""Black"", ""material"": ""Metal"", ""warranty_years"": 3}"
45,SKU-D3672,Product 45,Electronics>Audio>Headphones,Nike,139,$36.17,266.71,USD,6.57,33x17x27,Yes,286,18,Zone C,"{""color"": ""White"", ""material"": ""Metal"", ""warranty_years"": 1}"
46,SKU-K8885,Product 46,Electronics>Video>TVs,Unknown,121,$130.61,290.62,USD,10.58,29x33x35,True,414,16,Zone B,"{""color"": ""Black"", ""material"": ""Cotton"", ""warranty_years"": 2}"
47,SKU-Y7850,Product 47,Electronics>Audio>Headphones,Samsung,113,$191.07,482.16,USD,2.4,18x23x14,True,463,35,External,"{""color"": ""White"", ""material"": ""Metal"", ""warranty_years"": 4}"
48,SKU-I5216,Product 48,Electronics>Video>TVs,Adidas,128,$156.66,35.95,USD,11.17,20x38x36,Yes,-10,16,Zone A,"{""color"": ""White"", ""material"": ""Cotton"", ""warranty_years"": 3}"
49,SKU-N6589,Product 49,Electronics>Audio>Headphones,Adidas,144,$165.39,462.9,USD,10.77,48x38x35,No,216,16,Zone B,"{""color"": ""White"", ""material"": ""Cotton"", ""warranty_years"": 2}"
50,SKU-C2802,Product 50,Electronics>Video>TVs,,114,$125.34,250.19,USD,16.99,45x21x18,0,-10,45,Zone C,"{""color"": ""Blue"", ""material"": ""Cotton"", ""warranty_years"": 3}"
51,SKU-W4171,Product 51,Home>Kitchen>Appliances,Nike,114,$8.0,120.85,USD,19.93,33x44x36,0,-10,22,External,"{""color"": ""White"", ""material"": ""Metal"", ""warranty_years"": 4}"
52,SKU-G5457,Product 52,Apparel>Men>Shirts,Unknown,144,€91.78,339.46,USD,19.72,17x43x42,True,137,12,External,"{""color"": ""Black"", ""material"": ""Metal"", ""warranty_years"": 4}"
53,SKU-O3449,Product 53,Apparel>Women>Shoes,,103,$91.87,268.19,USD,4.8,18x19x29,0,414,29,Zone A,"{""color"": ""White"", ""material"": ""Wood"", ""warranty_years"": 1}"
54,SKU-E8819,Product 54,Electronics>Video>TVs,,135,€131.68,128.84,USD,6.84,43x27x47,False,-10,18,External,"{""color"": ""Black"", ""material"": ""Plastic"", ""warranty_years"": 1}"
55,SKU-W4711,Product 55,Apparel>Women>Shoes,Sony,104,€66.23,320.88,USD,5.57,15x31x39,False,52,31,Zone C,"{""color"": ""Blue"", ""material"": ""Cotton"", ""warranty_years"": 3}"
56,SKU-I1437,Product 56,Electronics>Video>TVs,Samsung,102,€162.91,247.17,USD,4.07,10x20x13,Yes,286,42,External,"{""color"": ""Black"", ""material"": ""Cotton"", ""warranty_years"": 1}"
57,SKU-M2275,Product 57,Apparel>Men>Shirts,Nike,111,$141.52,350.73,USD,3.09,26x30x34,True,181,32,Zone C,"{""color"": ""Black"", ""material"": ""Metal"", ""warranty_years"": 1}"
58,SKU-E7610,Product 58,Home>Kitchen>Appliances,Sony,119,€104.57,350.76,USD,10.28,48x38x23,No,,32,Zone A,"{""color"": ""White"", ""material"": ""Plastic"", ""warranty_years"": 1}"
59,SKU-N6764,Product 59,Home>Kitchen>Appliances,,143,$183.59,246.95,USD,17.46,15x15x28,False,411,47,Zone C,"{""color"": ""Blue"", ""material"": ""Metal"", ""warranty_years"": 3}"
60,SKU-X5679,Product 60,Apparel>Women>Shoes,LG,119,$173.08,207.58,USD,11.84,29x10x36,1,411,35,External,"{""color"": ""Black"", ""material"": ""Cotton"", ""warranty_years"": 5}"
61,SKU-Y7440,Product 61,Apparel>Men>Shirts,Unknown,138,$118.36,50.36,USD,17.47,37x46x44,0,-5,41,External,"{""color"": ""White"", ""material"": ""Plastic"", ""warranty_years"": 2}"
62,SKU-S6845,Product 62,Apparel>Women>Shoes,Unknown,138,€173.01,257.05,USD,19.19,43x32x37,No,216,37,Zone A,"{""color"": ""Red"", ""material"": ""Metal"", ""warranty_years"": 1}"
63,SKU-A2519,Product 63,Home>Kitchen>Appliances,Samsung,100,$184.49,136.7,USD,7.72,29x10x17,True,,39,Zone A,"{""color"": ""Black"", ""material"": ""Plastic"", ""warranty_years"": 5}"
64,SKU-S6186,Product 64,Electronics>Audio>Headphones,Unknown,143,$161.69,45.56,USD,16.73,25x44x49,False,411,49,External,"{""color"": ""White"", ""material"": ""Wood"", ""warranty_years"": 1}"
65,SKU-J9628,Product 65,Apparel>Women>Shoes,Adidas,102,$11.14,178.58,USD,1.14,22x17x16,Yes,-5,26,Zone A,"{""color"": ""Red"", ""material"": ""Metal"", ""warranty_years"": 4}"
66,SKU-I3642,Product 66,Electronics>Video>TVs,Sony,146,$89.91,61.99,USD,9.67,40x17x21,False,463,27,Zone C,"{""color"": ""Blue"", ""material"": ""Metal"", ""warranty_years"": 1}"
67,SKU-K8952,Product 67,Home>Kitchen>Appliances,Nike,108,$132.31,298.28,USD,7.43,44x23x15,1,52,34,Zone B,"{""color"": ""Blue"", ""material"": ""Plastic"", ""warranty_years"": 2}"
68,SKU-B2727,Product 68,Electronics>Video>TVs,Sony,119,€23.26,261.76,USD,4.18,25x26x10,False,137,13,Zone C,"{""color"": ""Red"", ""material"": ""Wood"", ""warranty_years"": 4}"
69,SKU-U3639,Product 69,Apparel>Men>Shirts,Adidas,108,$87.53,400.37,USD,8.82,30x14x42,True,411,35,Zone C,"{""color"": ""Red"", ""material"": ""Metal"", ""warranty_years"": 3}"
70,SKU-V9704,Product 70,Home>Kitchen>Appliances,LG,130,$127.28,148.46,USD,8.93,32x33x39,Yes,181,40,Zone A,"{""color"": ""Red"", ""material"": ""Metal"", ""warranty_years"": 5}"
71,SKU-W1344,Product 71,Home>Kitchen>Appliances,Sony,145,$110.31,198.33,USD,16.19,25x16x13,Yes,181,21,Zone B,"{""color"": ""White"", ""material"": ""Cotton"", ""warranty_years"": 4}"
72,SKU-Q8879,Product 72,Apparel>Women>Shoes,Nike,127,$64.27,350.7,USD,17.39,46x10x13,1,463,27,External,"{""color"": ""White"", ""material"": ""Metal"", ""warranty_years"": 1}"
73,SKU-Z2685,Product 73,Apparel>Women>Shoes,Sony,134,€158.2,496.61,USD,13.17,24x25x39,True,411,19,Zone A,"{""color"": ""Red"", ""material"": ""Wood"", ""warranty_years"": 1}"
74,SKU-O2989,Product 74,Electronics>Video>TVs,Unknown,139,$110.11,454.0,USD,12.7,12x23x50,1,216,45,Zone C,"{""color"": ""Black"", ""material"": ""Metal"", ""warranty_years"": 5}"
75,SKU-D5580,Product 75,Apparel>Women>Shoes,LG,137,$190.54,270.0,USD,2.29,36x23x49,1,286,11,Zone B,"{""color"": ""Red"", ""material"": ""Metal"", ""warranty_years"": 2}"
76,SKU-Z4648,Product 76,Electronics>Audio>Headphones,Sony,143,$181.03,345.41,USD,11.55,45x31x44,1,52,34,Zone A,"{""color"": ""Red"", ""material"": ""Cotton"", ""warranty_years"": 2}"
77,SKU-O2323,Product 77,Home>Kitchen>Appliances,LG,101,$116.84,275.32,USD,5.56,48x34x29,False,181,18,Zone C,"{""color"": ""Black"", ""material"": ""Wood"", ""warranty_years"": 2}"
78,SKU-V2119,Product 78,Apparel>Men>Shirts,,102,$114.4,228.71,USD,5.97,50x49x34,0,52,41,Zone C,"{""color"": ""Red"", ""material"": ""Cotton"", ""warranty_years"": 4}"
79,SKU-W9647,Product 79,Home>Kitchen>Appliances,LG,113,$16.13,309.1,USD,1.99,22x13x19,False,216,14,External,"{""color"": ""Red"", ""material"": ""Wood"", ""warranty_years"": 1}"
80,SKU-Q3830,Product 80,Electronics>Video>TVs,,116,$125.5,205.52,USD,12.75,49x13x40,True,-10,12,External,"{""color"": ""Blue"", ""material"": ""Plastic"", ""warranty_years"": 3}"
81,SKU-W4528,Product 81,Apparel>Women>Shoes,Samsung,134,€134.89,154.49,USD,11.72,29x19x46,No,-10,26,Zone B,"{""color"": ""Red"", ""material"": ""Plastic"", ""warranty_years"": 5}"
82,SKU-U6419,Product 82,Home>Kitchen>Appliances,Samsung,103,$50.36,358.72,USD,4.48,27x11x20,1,53,22,Zone C,"{""color"": ""Blue"", ""material"": ""Wood"", ""warranty_years"": 2}"
83,SKU-P9874,Product 83,Apparel>Women>Shoes,Nike,146,$31.38,438.55,USD,5.33,25x50x24,1,53,12,Zone C,"{""color"": ""White"", ""material"": ""Wood"", ""warranty_years"": 1}"
84,SKU-V1488,Product 84,Electronics>Video>TVs,Nike,129,$195.33,158.25,USD,15.48,31x44x34,0,53,37,External,"{""color"": ""Blue"", ""material"": ""Wood"", ""warranty_years"": 4}"
85,SKU-A5618,Product 85,Apparel>Women>Shoes,Nike,138,€150.03,359.31,USD,15.88,33x32x14,Yes,52,13,Zone C,"{""color"": ""Red"", ""material"": ""Cotton"", ""warranty_years"": 3}"
86,SKU-I6479,Product 86,Apparel>Men>Shirts,LG,113,$165.82,228.33,USD,9.91,47x28x17,1,216,27,External,"{""color"": ""Black"", ""material"": ""Wood"", ""warranty_years"": 5}"
87,SKU-Y9446,Product 87,Electronics>Video>TVs,LG,147,$175.0,165.0,USD,3.07,22x35x38,False,463,44,Zone C,"{""color"": ""Red"", ""material"": ""Metal"", ""warranty_years"": 2}"
88,SKU-P4346,Product 88,Home>Kitchen>Appliances,,126,$189.14,318.13,USD,1.21,14x42x32,1,216,23,External,"{""color"": ""Red"", ""material"": ""Plastic"", ""warranty_years"": 1}"
89,SKU-P6318,Product 89,Home>Kitchen>Appliances,Samsung,112,$72.56,470.92,USD,5.5,21x13x26,True,181,25,External,"{""color"": ""Blue"", ""material"": ""Wood"", ""warranty_years"": 3}"
90,SKU-H3948,Product 90,Apparel>Men>Shirts,Unknown,119,$147.92,188.81,USD,14.65,24x23x40,0,411,21,Zone B,"{""color"": ""Red"", ""material"": ""Metal"", ""warranty_years"": 2}"
91,SKU-Q3373,Product 91,Electronics>Audio>Headphones,,148,$181.46,384.55,USD,12.06,17x43x18,No,345,20,Zone C,"{""color"": ""Blue"", ""material"": ""Wood"", ""warranty_years"": 5}"
92,SKU-N9773,Product 92,Apparel>Women>Shoes,,148,€120.22,171.06,USD,14.39,21x46x12,Yes,216,11,Zone C,"{""color"": ""White"", ""material"": ""Wood"", ""warranty_years"": 1}"
93,SKU-H8750,Product 93,Home>Kitchen>Appliances,LG,123,$87.42,405.86,USD,9.49,41x46x34,No,286,42,External,"{""color"": ""Black"", ""material"": ""Plastic"", ""warranty_years"": 3}"
94,SKU-R4335,Product 94,Apparel>Men>Shirts,,109,€52.94,384.79,USD,15.12,25x17x47,True,53,22,Zone C,"{""color"": ""White"", ""material"": ""Cotton"", ""warranty_years"": 2}"
95,SKU-B6940,Product 95,Apparel>Women>Shoes,Samsung,106,€130.39,387.5,USD,9.67,39x21x19,False,411,39,External,"{""color"": ""Blue"", ""material"": ""Plastic"", ""warranty_years"": 2}"
96,SKU-I1762,Product 96,Electronics>Video>TVs,Sony,116,$23.82,498.9,USD,1.77,39x45x18,No,-5,35,Zone B,"{""color"": ""Black"", ""material"": ""Cotton"", ""warranty_years"": 3}"
97,SKU-T7140,Product 97,Apparel>Men>Shirts,Nike,121,$82.67,87.45,USD,1.69,43x26x45,True,414,27,Zone B,"{""color"": ""Black"", ""material"": ""Metal"", ""warranty_years"": 4}"
98,SKU-V1126,Product 98,Electronics>Video>TVs,Nike,143,€9.3,206.64,USD,16.65,38x17x25,No,414,22,External,"{""color"": ""Blue"", ""material"": ""Cotton"", ""warranty_years"": 5}"
99,SKU-A9057,Product 99,Electronics>Video>TVs,Adidas,110,$43.54,322.79,USD,12.63,44x16x47,1,52,13,Zone A,"{""color"": ""Red"", ""material"": ""Cotton"", ""warranty_years"": 3}"
100,SKU-F9253,Product 100,Electronics>Video>TVs,Unknown,141,€65.08,303.43,USD,5.65,48x47x50,0,181,42,Zone B,"{""color"": ""Black"", ""material"": ""Cotton"", ""warranty_years"": 3}"
101,SKU-S2814,Product 101,Apparel>Women>Shoes,Samsung,122,$106.86,394.7,USD,15.17,20x45x30,1,-5,24,Zone C,"{""color"": ""White"", ""material"": ""Cotton"", ""warranty_years"": 4}"
102,SKU-L8589,Product 102,Electronics>Audio>Headphones,Adidas,121,$128.0,42.52,USD,2.8,10x23x50,0,286,26,External,"{""color"": ""Black"", ""material"": ""Cotton"", ""warranty_years"": 1}"
103,SKU-S8405,Product 103,Electronics>Video>TVs,Nike,139,$173.9,358.42,USD,12.94,29x31x17,False,411,15,External,"{""color"": ""Red"", ""material"": ""Wood"", ""warranty_years"": 1}"
104,SKU-Y8969,Product 104,Home>Kitchen>Appliances,Adidas,146,$172.47,374.11,USD,19.79,11x11x23,True,-5,14,Zone B,"{""color"": ""Red"", ""material"": ""Plastic"", ""warranty_years"": 5}"
105,SKU-G8365,Product 105,Apparel>Women>Shoes,Sony,117,$149.69,49.33,USD,3.09,10x22x31,No,216,42,External,"{""color"": ""Blue"", ""material"": ""Plastic"", ""warranty_years"": 3}"
106,SKU-N7427,Product 106,Apparel>Women>Shoes,,144,$140.38,278.57,USD,2.92,10x44x25,0,-5,25,Zone B,"{""color"": ""White"", ""material"": ""Metal"", ""warranty_years"": 4}"
107,SKU-W5504,Product 107,Electronics>Video>TVs,Adidas,125,$93.41,137.6,USD,9.41,17x49x44,True,-5,33,External,"{""color"": ""Black"", ""material"": ""Plastic"", ""warranty_years"": 5}"
108,SKU-P8433,Product 108,Home>Kitchen>Appliances,Sony,147,€188.21,404.78,USD,12.89,36x10x27,No,414,14,Zone B,"{""color"": ""Blue"", ""material"": ""Metal"", ""warranty_years"": 1}"
109,SKU-W4080,Product 109,Apparel>Men>Shirts,Nike,129,$197.46,43.81,USD,0.63,29x31x21,0,463,12,Zone C,"{""color"": ""White"", ""material"": ""Cotton"", ""warranty_years"": 4}"
110,SKU-Y6774,Product 110,Apparel>Women>Shoes,LG,112,$7.32,90.16,USD,10.04,31x48x14,1,,44,Zone A,"{""color"": ""Blue"", ""material"": ""Cotton"", ""warranty_years"": 4}"
111,SKU-S9380,Product 111,Electronics>Video>TVs,,103,$57.3,70.14,USD,1.76,43x21x23,0,411,36,Zone A,"{""color"": ""Blue"", ""material"": ""Wood"", ""warranty_years"": 5}"
112,SKU-R5233,Product 112,Electronics>Video>TVs,Samsung,142,$156.22,51.3,USD,4.9,35x49x14,0,53,21,Zone A,"{""color"": ""Blue"", ""material"": ""Cotton"", ""warranty_years"": 3}"
113,SKU-H4960,Product 113,Electronics>Audio>Headphones,,126,$84.79,308.04,USD,14.28,16x47x38,Yes,463,34,Zone A,"{""color"": ""Red"", ""material"": ""Metal"", ""warranty_years"": 1}"
114,SKU-B7265,Product 114,Electronics>Audio>Headphones,Adidas,139,$185.97,436.9,USD,14.8,22x42x32,No,181,26,Zone B,"{""color"": ""Red"", ""material"": ""Plastic"", ""warranty_years"": 3}"
115,SKU-X2539,Product 115,Apparel>Men>Shirts,,109,$12.74,265.27,USD,14.62,17x10x15,No,345,29,External,"{""color"": ""Black"", ""material"": ""Wood"", ""warranty_years"": 3}"
116,SKU-P7644,Product 116,Apparel>Men>Shirts,Unknown,143,$18.48,121.08,USD,1.4,29x18x10,False,414,37,Zone A,"{""color"": ""White"", ""material"": ""Wood"", ""warranty_years"": 3}"
117,SKU-W3975,Product 117,Apparel>Men>Shirts,Sony,127,$22.74,185.02,USD,15.76,50x41x31,No,53,44,External,"{""color"": ""Red"", ""material"": ""Metal"", ""warranty_years"": 2}"
118,SKU-W9816,Product 118,Apparel>Men>Shirts,Unknown,120,$112.28,192.98,USD,8.7,45x44x34,1,52,24,Zone B,"{""color"": ""Red"", ""material"": ""Wood"", ""warranty_years"": 4}"
119,SKU-A9950,Product 119,Electronics>Video>TVs,Nike,110,$140.09,236.78,USD,9.56,13x39x12,1,,42,Zone B,"{""color"": ""Red"", ""material"": ""Metal"", ""warranty_years"": 3}"
120,SKU-N8295,Product 120,Electronics>Video>TVs,Unknown,119,€18.21,221.86,USD,8.45,16x48x26,True,-10,12,Zone A,"{""color"": ""White"", ""material"": ""Wood"", ""warranty_years"": 2}"
121,SKU-G7735,Product 121,Electronics>Video>TVs,Unknown,135,$112.46,342.15,USD,17.15,33x18x19,0,286,16,Zone C,"{""color"": ""Red"", ""material"": ""Cotton"", ""warranty_years"": 5}"
122,SKU-C6612,Product 122,Home>Kitchen>Appliances,Nike,118,$73.73,183.16,USD,13.63,48x36x30,0,,19,Zone A,"{""color"": ""Black"", ""material"": ""Metal"", ""warranty_years"": 2}"
123,SKU-C2086,Product 123,Apparel>Men>Shirts,LG,109,$18.77,338.22,USD,10.05,39x39x44,No,411,35,External,"{""color"": ""White"", ""material"": ""Wood"", ""warranty_years"": 3}"
124,SKU-H3535,Product 124,Home>Kitchen>Appliances,,114,$148.52,282.45,USD,16.7,46x20x41,0,286,49,Zone A,"{""color"": ""Black"", ""material"": ""Plastic"", ""warranty_years"": 4}"
125,SKU-B8079,Product 125,Apparel>Women>Shoes,Unknown,144,$162.77,43.28,USD,16.13,33x50x20,1,,15,Zone B,"{""color"": ""Black"", ""material"": ""Wood"", ""warranty_years"": 3}"
126,SKU-Q5108,Product 126,Apparel>Women>Shoes,Unknown,144,$58.71,461.44,USD,0.2,40x40x37,Yes,286,42,Zone B,"{""color"": ""Red"", ""material"": ""Metal"", ""warranty_years"": 1}"
127,SKU-U2072,Product 127,Electronics>Video>TVs,Unknown,117,$123.27,105.42,USD,9.63,27x20x50,True,463,25,External,"{""color"": ""Red"", ""material"": ""Plastic"", ""warranty_years"": 1}"
128,SKU-E7160,Product 128,Apparel>Women>Shoes,Nike,106,$104.8,236.73,USD,0.94,21x17x12,0,137,33,External,"{""color"": ""Blue"", ""material"": ""Metal"", ""warranty_years"": 4}"
129,SKU-W1260,Product 129,Electronics>Video>TVs,Unknown,129,$44.48,474.85,USD,6.21,14x26x45,Yes,52,39,External,"{""color"": ""White"", ""material"": ""Cotton"", ""warranty_years"": 1}"
130,SKU-W8025,Product 130,Apparel>Men>Shirts,,113,$119.94,138.72,USD,16.1,34x18x26,No,286,19,Zone A,"{""color"": ""Red"", ""material"": ""Plastic"", ""warranty_years"": 4}"
131,SKU-Q9506,Product 131,Home>Kitchen>Appliances,Nike,136,$12.89,30.64,USD,18.89,40x27x48,False,411,20,Zone A,"{""color"": ""Blue"", ""material"": ""Wood"", ""warranty_years"": 4}"
132,SKU-Q2786,Product 132,Electronics>Video>TVs,LG,140,$115.21,255.22,USD,4.92,35x50x42,1,414,31,Zone C,"{""color"": ""Blue"", ""material"": ""Cotton"", ""warranty_years"": 1}"
133,SKU-C9208,Product 133,Electronics>Audio>Headphones,Nike,129,€56.63,127.49,USD,0.53,30x45x40,False,52,12,External,"{""color"": ""White"", ""material"": ""Cotton"", ""warranty_years"": 3}"
134,SKU-Q2658,Product 134,Electronics>Audio>Headphones,Unknown,126,$180.94,299.37,USD,8.11,39x35x20,1,216,47,Zone C,"{""color"": ""Red"", ""material"": ""Wood"", ""warranty_years"": 4}"
135,SKU-H5930,Product 135,Apparel>Men>Shirts,,148,€130.15,412.21,USD,6.77,44x36x13,True,-5,49,Zone C,"{""color"": ""Red"", ""material"": ""Metal"", ""warranty_years"": 2}"
136,SKU-B9514,Product 136,Home>Kitchen>Appliances,Sony,136,€137.13,265.39,USD,13.57,30x30x24,No,345,32,Zone B,"{""color"": ""Black"", ""material"": ""Plastic"", ""warranty_years"": 3}"
137,SKU-N8794,Product 137,Electronics>Video>TVs,,147,$54.69,329.61,USD,9.95,16x38x25,False,181,28,Zone C,"{""color"": ""White"", ""material"": ""Metal"", ""warranty_years"": 4}"
138,SKU-W9295,Product 138,Apparel>Men>Shirts,Unknown,140,$146.96,339.75,USD,8.04,35x26x36,True,345,49,Zone B,"{""color"": ""Black"", ""material"": ""Cotton"", ""warranty_years"": 3}"
139,SKU-Q5056,Product 139,Home>Kitchen>Appliances,,116,€193.78,413.86,USD,4.67,49x46x38,True,414,22,External,"{""color"": ""Red"", ""material"": ""Cotton"", ""warranty_years"": 2}"
140,SKU-B1206,Product 140,Electronics>Audio>Headphones,Adidas,129,$145.39,350.2,USD,16.59,41x46x33,True,414,45,Zone B,"{""color"": ""White"", ""material"": ""Wood"", ""warranty_years"": 5}"
141,SKU-M3561,Product 141,Electronics>Video>TVs,Adidas,117,$193.95,488.56,USD,5.04,11x40x20,False,345,12,External,"{""color"": ""White"", ""material"": ""Wood"", ""warranty_years"": 2}"
142,SKU-D3747,Product 142,Home>Kitchen>Appliances,,102,$184.69,238.98,USD,1.19,23x23x25,False,53,31,Zone A,"{""color"": ""Black"", ""material"": ""Plastic"", ""warranty_years"": 5}"
143,SKU-O2113,Product 143,Apparel>Women>Shoes,Sony,127,$133.28,44.12,USD,11.34,25x44x44,False,414,34,Zone C,"{""color"": ""Black"", ""material"": ""Plastic"", ""warranty_years"": 4}"
144,SKU-D9461,Product 144,Electronics>Video>TVs,Adidas,136,$86.38,209.13,USD,6.42,38x44x10,0,53,29,External,"{""color"": ""Blue"", ""material"": ""Cotton"", ""warranty_years"": 5}"
145,SKU-Z5058,Product 145,Apparel>Women>Shoes,,129,$156.76,423.14,USD,14.28,32x35x35,True,,37,Zone A,"{""color"": ""White"", ""material"": ""Metal"", ""warranty_years"": 1}"
146,SKU-E5982,Product 146,Apparel>Men>Shirts,,120,$18.47,83.87,USD,1.71,13x22x35,No,286,12,Zone A,"{""color"": ""Red"", ""material"": ""Wood"", ""warranty_years"": 2}"
147,SKU-S4584,Product 147,Home>Kitchen>Appliances,,148,$125.82,373.25,USD,19.33,29x44x29,0,137,31,External,"{""color"": ""Black"", ""material"": ""Metal"", ""warranty_years"": 2}"
148,SKU-V9429,Product 148,Home>Kitchen>Appliances,Unknown,119,€106.67,277.12,USD,3.82,17x49x34,1,137,46,Zone B,"{""color"": ""Black"", ""material"": ""Wood"", ""warranty_years"": 4}"
149,SKU-W2487,Product 149,Home>Kitchen>Appliances,Nike,121,€118.68,452.32,USD,7.21,46x23x25,False,216,47,External,"{""color"": ""Blue"", ""material"": ""Metal"", ""warranty_years"": 5}"
150,SKU-C5479,Product 150,Home>Kitchen>Appliances,Unknown,135,$159.52,370.97,USD,9.67,31x29x49,No,414,27,Zone C,"{""color"": ""Black"", ""material"": ""Cotton"", ""warranty_years"": 2}"
151,SKU-P9424,Product 151,Electronics>Video>TVs,Adidas,135,$28.35,337.05,USD,17.81,39x11x11,Yes,216,29,Zone A,"{""color"": ""Black"", ""material"": ""Wood"", ""warranty_years"": 1}"
152,SKU-Z3581,Product 152,Apparel>Women>Shoes,Adidas,120,€9.34,445.7,USD,14.48,48x25x45,1,463,14,Zone B,"{""color"": ""White"", ""material"": ""Metal"", ""warranty_years"": 3}"
153,SKU-N4123,Product 153,Apparel>Women>Shoes,Nike,123,$52.62,455.95,USD,2.98,42x24x50,True,-5,18,External,"{""color"": ""White"", ""material"": ""Metal"", ""warranty_years"": 5}"
154,SKU-X7965,Product 154,Apparel>Men>Shirts,,120,$128.73,204.76,USD,8.83,31x43x32,True,52,38,External,"{""color"": ""Red"", ""material"": ""Metal"", ""warranty_years"": 3}"
155,SKU-D6765,Product 155,Apparel>Men>Shirts,Adidas,106,$100.91,465.37,USD,10.9,17x42x39,No,-5,26,Zone A,"{""color"": ""White"", ""material"": ""Metal"", ""warranty_years"": 4}"
156,SKU-Y9606,Product 156,Home>Kitchen>Appliances,Nike,107,$88.61,46.26,USD,14.07,44x25x18,0,-10,21,External,"{""color"": ""White"", ""material"": ""Metal"", ""warranty_years"": 5}"
157,SKU-I4418,Product 157,Electronics>Audio>Headphones,LG,121,$196.83,386.03,USD,11.48,19x47x27,False,,35,Zone C,"{""color"": ""Red"", ""material"": ""Plastic"", ""warranty_years"": 4}"
158,SKU-L4271,Product 158,Electronics>Audio>Headphones,Unknown,121,€121.19,181.53,USD,9.2,18x41x12,No,286,42,Zone B,"{""color"": ""Red"", ""material"": ""Cotton"", ""warranty_years"": 4}"
159,SKU-J2493,Product 159,Home>Kitchen>Appliances,LG,129,$134.3,253.95,USD,15.33,30x49x18,False,,42,Zone C,"{""color"": ""White"", ""material"": ""Wood"", ""warranty_years"": 5}"
160,SKU-T1995,Product 160,Apparel>Women>Shoes,Adidas,133,$87.78,421.16,USD,7.62,21x16x18,1,414,45,Zone A,"{""color"": ""Blue"", ""material"": ""Wood"", ""warranty_years"": 4}"
161,SKU-B8109,Product 161,Apparel>Men>Shirts,,128,$167.14,325.78,USD,19.74,44x19x39,No,345,38,Zone B,"{""color"": ""White"", ""material"": ""Metal"", ""warranty_years"": 2}"
162,SKU-Q4612,Product 162,Electronics>Video>TVs,LG,109,$6.36,239.6,USD,18.96,14x36x13,1,216,31,Zone A,"{""color"": ""Black"", ""material"": ""Metal"", ""warranty_years"": 1}"
163,SKU-H2678,Product 163,Electronics>Audio>Headphones,,104,$85.23,98.69,USD,14.18,27x11x44,1,-10,27,Zone A,"{""color"": ""Black"", ""material"": ""Cotton"", ""warranty_years"": 4}"
164,SKU-H1699,Product 164,Apparel>Men>Shirts,Adidas,148,$128.75,470.85,USD,17.66,25x47x46,Yes,137,26,Zone C,"{""color"": ""Blue"", ""material"": ""Cotton"", ""warranty_years"": 4}"
165,SKU-A6664,Product 165,Electronics>Audio>Headphones,,138,€131.55,179.59,USD,7.92,19x23x48,Yes,53,33,Zone B,"{""color"": ""Blue"", ""material"": ""Metal"", ""warranty_years"": 4}"
166,SKU-Y7705,Product 166,Apparel>Women>Shoes,LG,133,€32.23,68.56,USD,11.67,49x49x10,True,345,31,Zone A,"{""color"": ""Blue"", ""material"": ""Cotton"", ""warranty_years"": 3}"
167,SKU-C9194,Product 167,Apparel>Women>Shoes,Adidas,137,$168.4,290.79,USD,5.53,41x17x41,True,463,14,Zone C,"{""color"": ""White"", ""material"": ""Wood"", ""warranty_years"": 3}"
168,SKU-H9352,Product 168,Home>Kitchen>Appliances,Samsung,109,$184.21,215.01,USD,17.72,27x18x18,True,,10,Zone C,"{""color"": ""Red"", ""material"": ""Wood"", ""warranty_years"": 5}"
169,SKU-B1485,Product 169,Home>Kitchen>Appliances,Unknown,108,€143.34,303.45,USD,9.47,41x29x36,No,52,28,Zone B,"{""color"": ""White"", ""material"": ""Metal"", ""warranty_years"": 2}"
170,SKU-O4610,Product 170,Electronics>Audio>Headphones,Sony,131,$156.13,132.09,USD,10.77,41x20x40,False,-5,39,External,"{""color"": ""Blue"", ""material"": ""Plastic"", ""warranty_years"": 4}"
171,SKU-Y3344,Product 171,Electronics>Audio>Headphones,Unknown,104,$9.88,201.79,USD,17.3,43x30x19,True,-5,48,External,"{""color"": ""Black"", ""material"": ""Plastic"", ""warranty_years"": 2}"
172,SKU-F7924,Product 172,Apparel>Men>Shirts,LG,134,€188.35,486.8,USD,15.97,26x11x15,0,,24,Zone A,"{""color"": ""Black"", ""material"": ""Metal"", ""warranty_years"": 2}"
173,SKU-V3207,Product 173,Home>Kitchen>Appliances,Nike,110,$132.2,469.54,USD,6.5,11x23x26,1,-10,44,External,"{""color"": ""White"", ""material"": ""Plastic"", ""warranty_years"": 4}"
174,SKU-W2952,Product 174,Apparel>Women>Shoes,Sony,141,€92.6,434.9,USD,1.84,36x21x10,No,414,14,Zone B,"{""color"": ""Red"", ""material"": ""Cotton"", ""warranty_years"": 3}"
175,SKU-D1714,Product 175,Apparel>Men>Shirts,,115,$47.98,393.98,USD,3.33,17x35x32,False,414,15,External,"{""color"": ""White"", ""material"": ""Wood"", ""warranty_years"": 3}"
176,SKU-P2842,Product 176,Apparel>Men>Shirts,,126,$154.31,95.15,USD,6.85,28x11x43,Yes,-10,34,Zone B,"{""color"": ""Red"", ""material"": ""Cotton"", ""warranty_years"": 1}"
177,SKU-A6854,Product 177,Electronics>Video>TVs,Adidas,119,$128.94,244.13,USD,6.18,21x43x42,1,-5,20,Zone A,"{""color"": ""Blue"", ""material"": ""Cotton"", ""warranty_years"": 4}"
178,SKU-B7215,Product 178,Apparel>Women>Shoes,,100,$32.19,369.39,USD,0.86,17x43x48,True,411,31,External,"{""color"": ""Blue"", ""material"": ""Wood"", ""warranty_years"": 2}"
179,SKU-R9215,Product 179,Apparel>Men>Shirts,Sony,125,$109.97,145.65,USD,8.7,31x13x23,Yes,411,43,Zone B,"{""color"": ""Black"", ""material"": ""Plastic"", ""warranty_years"": 4}"
180,SKU-T5159,Product 180,Electronics>Video>TVs,,110,$134.25,35.88,USD,2.21,31x31x29,Yes,,23,Zone B,"{""color"": ""Black"", ""material"": ""Wood"", ""warranty_years"": 5}"
181,SKU-G6194,Product 181,Home>Kitchen>Appliances,Nike,114,$136.75,220.69,USD,4.5,21x42x24,Yes,216,18,Zone B,"{""color"": ""Black"", ""material"": ""Wood"", ""warranty_years"": 5}"
182,SKU-Z3682,Product 182,Apparel>Women>Shoes,Nike,138,$67.98,224.07,USD,15.77,11x18x12,No,414,29,Zone C,"{""color"": ""Blue"", ""material"": ""Plastic"", ""warranty_years"": 1}"
183,SKU-M5648,Product 183,Home>Kitchen>Appliances,Unknown,139,$64.09,51.25,USD,9.95,20x46x38,1,463,25,Zone A,"{""color"": ""Blue"", ""material"": ""Cotton"", ""warranty_years"": 4}"
184,SKU-H5084,Product 184,Electronics>Video>TVs,,147,$108.63,173.9,USD,7.52,47x28x30,False,-10,26,Zone B,"{""color"": ""Blue"", ""material"": ""Wood"", ""warranty_years"": 3}"
185,SKU-B2405,Product 185,Apparel>Women>Shoes,,117,€164.97,460.3,USD,3.79,31x35x21,1,345,26,Zone C,"{""color"": ""Blue"", ""material"": ""Wood"", ""warranty_years"": 1}"
186,SKU-Y3260,Product 186,Electronics>Audio>Headphones,Adidas,123,$156.35,140.14,USD,17.34,35x17x32,0,-5,43,Zone C,"{""color"": ""Red"", ""material"": ""Metal"", ""warranty_years"": 1}"
187,SKU-F6305,Product 187,Electronics>Audio>Headphones,Unknown,127,$173.22,293.2,USD,18.08,23x41x41,True,345,20,Zone B,"{""color"": ""Black"", ""material"": ""Wood"", ""warranty_years"": 5}"
188,SKU-O6263,Product 188,Electronics>Audio>Headphones,LG,124,$155.64,254.18,USD,10.42,36x15x38,No,345,44,Zone A,"{""color"": ""White"", ""material"": ""Cotton"", ""warranty_years"": 3}"
189,SKU-Y4662,Product 189,Apparel>Men>Shirts,LG,122,€41.09,433.82,USD,18.43,32x44x32,False,181,43,External,"{""color"": ""Black"", ""material"": ""Metal"", ""warranty_years"": 2}"
190,SKU-W6746,Product 190,Electronics>Audio>Headphones,Samsung,110,$10.97,333.7,USD,9.35,50x45x38,No,52,45,Zone C,"{""color"": ""Black"", ""material"": ""Metal"", ""warranty_years"": 5}"
191,SKU-E8142,Product 191,Apparel>Men>Shirts,Unknown,132,$159.04,96.05,USD,2.23,31x45x32,False,53,17,Zone B,"{""color"": ""Blue"", ""material"": ""Metal"", ""warranty_years"": 4}"
192,SKU-B8964,Product 192,Apparel>Men>Shirts,Nike,115,$142.18,88.58,USD,0.44,33x10x38,True,411,28,Zone A,"{""color"": ""Red"", ""material"": ""Cotton"", ""warranty_years"": 5}"
193,SKU-J7098,Product 193,Electronics>Video>TVs,Samsung,135,$141.36,287.59,USD,2.65,18x27x41,0,216,42,Zone A,"{""color"": ""Red"", ""material"": ""Metal"", ""warranty_years"": 3}"
194,SKU-O4107,Product 194,Electronics>Audio>Headphones,Nike,122,$53.71,42.3,USD,12.49,42x36x28,Yes,53,32,Zone B,"{""color"": ""White"", ""material"": ""Plastic"", ""warranty_years"": 1}"
195,SKU-P2087,Product 195,Apparel>Women>Shoes,Samsung,105,$60.29,208.89,USD,6.49,17x33x33,True,,11,Zone C,"{""color"": ""White"", ""material"": ""Cotton"", ""warranty_years"": 5}"
196,SKU-B7851,Product 196,Apparel>Men>Shirts,Unknown,142,€126.68,211.53,USD,13.0,16x35x38,Yes,53,17,External,"{""color"": ""Black"", ""material"": ""Wood"", ""warranty_years"": 1}"
197,SKU-H2145,Product 197,Electronics>Video>TVs,LG,123,€19.3,114.24,USD,10.21,14x12x12,True,463,38,Zone A,"{""color"": ""Black"", ""material"": ""Cotton"", ""warranty_years"": 1}"
198,SKU-K9041,Product 198,Apparel>Men>Shirts,Nike,137,$179.26,164.49,USD,6.73,43x13x18,1,463,16,External,"{""color"": ""Black"", ""material"": ""Plastic"", ""warranty_years"": 5}"
199,SKU-H3580,Product 199,Apparel>Women>Shoes,Unknown,141,$156.17,178.38,USD,4.45,45x16x37,No,463,38,Zone A,"{""color"": ""Black"", ""material"": ""Plastic"", ""warranty_years"": 3}"
200,SKU-C9403,Product 200,Apparel>Women>Shoes,Unknown,105,$25.04,25.64,USD,1.71,42x44x29,0,-5,40,Zone A,"{""color"": ""Blue"", ""material"": ""Metal"", ""warranty_years"": 2}"
201,SKU-J1976,Product 201,Electronics>Audio>Headphones,LG,109,$13.92,406.83,USD,15.67,38x44x46,No,345,39,Zone A,"{""color"": ""White"", ""material"": ""Plastic"", ""warranty_years"": 3}"
202,SKU-X2328,Product 202,Apparel>Men>Shirts,Sony,121,$131.57,479.57,USD,16.4,16x40x32,0,414,44,Zone C,"{""color"": ""Blue"", ""material"": ""Plastic"", ""warranty_years"": 5}"
203,SKU-K6901,Product 203,Apparel>Women>Shoes,LG,122,€30.8,158.85,USD,10.87,33x10x12,True,-10,34,Zone C,"{""color"": ""Black"", ""material"": ""Wood"", ""warranty_years"": 4}"
204,SKU-Z3701,Product 204,Home>Kitchen>Appliances,Nike,104,$80.97,73.75,USD,3.23,16x24x43,0,286,13,Zone B,"{""color"": ""Blue"", ""material"": ""Metal"", ""warranty_years"": 1}"
205,SKU-Y1019,Product 205,Apparel>Women>Shoes,Sony,127,$171.73,477.71,USD,5.34,33x23x50,Yes,463,47,External,"{""color"": ""Red"", ""material"": ""Plastic"", ""warranty_years"": 5}"
206,SKU-W5859,Product 206,Apparel>Women>Shoes,Samsung,108,$105.25,375.46,USD,19.11,45x42x12,0,181,26,External,"{""color"": ""Red"", ""material"": ""Metal"", ""warranty_years"": 3}"
207,SKU-W9075,Product 207,Apparel>Men>Shirts,Adidas,138,$55.06,447.75,USD,4.6,10x44x39,0,52,19,Zone B,"{""color"": ""Red"", ""material"": ""Wood"", ""warranty_years"": 5}"
208,SKU-A3742,Product 208,Apparel>Women>Shoes,Nike,148,$135.96,193.22,USD,1.23,25x38x26,No,,10,Zone C,"{""color"": ""Black"", ""material"": ""Metal"", ""warranty_years"": 4}"
209,SKU-T8918,Product 209,Electronics>Video>TVs,,143,$170.24,252.35,USD,11.05,35x49x45,0,53,27,External,"{""color"": ""White"", ""material"": ""Cotton"", ""warranty_years"": 4}"
210,SKU-M7089,Product 210,Apparel>Women>Shoes,Adidas,127,$88.43,466.52,USD,5.31,33x50x24,False,-10,28,Zone B,"{""color"": ""Blue"", ""material"": ""Metal"", ""warranty_years"": 4}"
211,SKU-J2883,Product 211,Home>Kitchen>Appliances,Adidas,124,$154.49,240.59,USD,19.15,21x38x43,True,137,41,Zone A,"{""color"": ""Red"", ""material"": ""Plastic"", ""warranty_years"": 5}"
212,SKU-Y8443,Product 212,Apparel>Women>Shoes,Sony,142,$142.96,342.61,USD,11.54,19x17x10,1,181,40,External,"{""color"": ""Blue"", ""material"": ""Metal"", ""warranty_years"": 2}"
213,SKU-C2949,Product 213,Electronics>Audio>Headphones,Samsung,137,$35.85,358.3,USD,19.32,24x36x16,1,137,42,Zone C,"{""color"": ""Black"", ""material"": ""Wood"", ""warranty_years"": 5}"
214,SKU-X5081,Product 214,Apparel>Men>Shirts,LG,126,$129.92,421.81,USD,15.73,14x44x50,False,53,31,External,"{""color"": ""Black"", ""material"": ""Wood"", ""warranty_years"": 3}"
215,SKU-I7550,Product 215,Home>Kitchen>Appliances,Sony,123,$20.79,488.09,USD,14.49,50x11x31,No,216,10,Zone A,"{""color"": ""White"", ""material"": ""Wood"", ""warranty_years"": 4}"
216,SKU-J7972,Product 216,Electronics>Video>TVs,Samsung,142,$189.23,180.75,USD,16.62,11x38x32,False,463,44,Zone C,"{""color"": ""Black"", ""material"": ""Cotton"", ""warranty_years"": 2}"
217,SKU-P1848,Product 217,Apparel>Women>Shoes,,142,$182.69,138.78,USD,12.14,40x49x44,1,216,26,Zone C,"{""color"": ""White"", ""material"": ""Plastic"", ""warranty_years"": 2}"
218,SKU-F8450,Product 218,Apparel>Women>Shoes,,145,$164.29,57.3,USD,0.32,10x48x32,Yes,181,43,Zone B,"{""color"": ""Red"", ""material"": ""Wood"", ""warranty_years"": 4}"
219,SKU-G6089,Product 219,Electronics>Video>TVs,LG,115,$39.71,431.14,USD,7.91,18x50x49,1,216,38,Zone C,"{""color"": ""Blue"", ""material"": ""Plastic"", ""warranty_years"": 2}"
220,SKU-R3312,Product 220,Apparel>Women>Shoes,LG,101,€120.24,160.49,USD,4.46,16x14x19,1,181,15,Zone B,"{""color"": ""Red"", ""material"": ""Wood"", ""warranty_years"": 2}"
221,SKU-Q6683,Product 221,Electronics>Audio>Headphones,Samsung,101,$68.82,43.81,USD,8.74,16x37x13,True,286,10,Zone C,"{""color"": ""Red"", ""material"": ""Cotton"", ""warranty_years"": 2}"
222,SKU-L7263,Product 222,Home>Kitchen>Appliances,LG,104,$77.34,435.33,USD,9.46,37x23x16,1,137,36,Zone A,"{""color"": ""Black"", ""material"": ""Metal"", ""warranty_years"": 4}"
223,SKU-E8756,Product 223,Apparel>Women>Shoes,Nike,145,$93.72,264.76,USD,2.64,41x31x35,1,,21,Zone A,"{""color"": ""Blue"", ""material"": ""Metal"", ""warranty_years"": 2}"
224,SKU-Y2238,Product 224,Electronics>Video>TVs,Nike,120,$45.87,422.39,USD,0.57,21x20x29,0,-10,13,Zone A,"{""color"": ""Black"", ""material"": ""Wood"", ""warranty_years"": 1}"
225,SKU-C1597,Product 225,Electronics>Video>TVs,Sony,109,$85.85,286.15,USD,2.85,21x34x37,False,286,25,Zone A,"{""color"": ""White"", ""material"": ""Metal"", ""warranty_years"": 2}"
226,SKU-A2044,Product 226,Home>Kitchen>Appliances,LG,141,$127.33,170.59,USD,17.16,35x25x26,1,-5,20,Zone A,"{""color"": ""White"", ""material"": ""Metal"", ""warranty_years"": 2}"
227,SKU-F5934,Product 227,Electronics>Audio>Headphones,LG,117,$62.72,82.3,USD,15.14,48x16x26,1,53,29,External,"{""color"": ""Red"", ""material"": ""Wood"", ""warranty_years"": 1}"
228,SKU-A5902,Product 228,Home>Kitchen>Appliances,Samsung,125,$133.05,229.84,USD,16.0,18x24x13,Yes,463,35,Zone A,"{""color"": ""White"", ""material"": ""Cotton"", ""warranty_years"": 5}"
229,SKU-G5156,Product 229,Apparel>Women>Shoes,Nike,119,$11.22,32.74,USD,5.6,47x27x45,1,345,37,Zone C,"{""color"": ""Black"", ""material"": ""Metal"", ""warranty_years"": 2}"
230,SKU-N7588,Product 230,Electronics>Audio>Headphones,Adidas,140,$109.57,309.18,USD,4.8,48x44x13,True,53,17,Zone B,"{""color"": ""Black"", ""material"": ""Metal"", ""warranty_years"": 4}"
231,SKU-H6103,Product 231,Electronics>Audio>Headphones,Sony,135,$67.5,225.28,USD,0.84,23x48x17,No,-10,11,External,"{""color"": ""Blue"", ""material"": ""Plastic"", ""warranty_years"": 4}"
232,SKU-K2226,Product 232,Electronics>Video>TVs,Unknown,148,€23.48,87.93,USD,9.5,40x10x15,Yes,411,49,Zone C,"{""color"": ""White"", ""material"": ""Metal"", ""warranty_years"": 1}"
233,SKU-S9520,Product 233,Electronics>Audio>Headphones,Nike,120,€56.47,274.51,USD,7.71,13x10x23,1,181,35,Zone A,"{""color"": ""Blue"", ""material"": ""Cotton"", ""warranty_years"": 2}"
234,SKU-I3562,Product 234,Apparel>Women>Shoes,Samsung,101,$52.43,404.44,USD,16.73,32x41x45,No,345,36,Zone A,"{""color"": ""White"", ""material"": ""Plastic"", ""warranty_years"": 3}"
235,SKU-S6477,Product 235,Apparel>Women>Shoes,Sony,145,$32.65,487.9,USD,13.67,46x16x13,True,-10,42,Zone C,"{""color"": ""Blue"", ""material"": ""Wood"", ""warranty_years"": 5}"
236,SKU-O5886,Product 236,Apparel>Women>Shoes,Adidas,132,€23.84,273.13,USD,2.97,50x37x35,False,411,16,External,"{""color"": ""Blue"", ""material"": ""Plastic"", ""warranty_years"": 4}"
237,SKU-I4529,Product 237,Apparel>Men>Shirts,,122,€84.41,82.18,USD,19.74,29x39x50,1,286,45,Zone B,"{""color"": ""Black"", ""material"": ""Cotton"", ""warranty_years"": 4}"
238,SKU-C9854,Product 238,Electronics>Audio>Headphones,Unknown,138,€66.49,409.14,USD,15.44,37x43x13,False,411,30,Zone B,"{""color"": ""Black"", ""material"": ""Metal"", ""warranty_years"": 4}"
239,SKU-A7453,Product 239,Electronics>Audio>Headphones,Sony,130,$159.56,353.98,USD,14.43,17x34x31,1,-5,43,Zone B,"{""color"": ""Blue"", ""material"": ""Wood"", ""warranty_years"": 2}"
240,SKU-G4762,Product 240,Apparel>Women>Shoes,Nike,103,$52.01,477.91,USD,4.41,33x17x48,Yes,-5,32,Zone B,"{""color"": ""Black"", ""material"": ""Wood"", ""warranty_years"": 4}"
241,SKU-W6309,Product 241,Electronics>Video>TVs,Adidas,140,$184.39,276.9,USD,18.11,37x13x48,Yes,463,43,Zone A,"{""color"": ""White"", ""material"": ""Plastic"", ""warranty_years"": 2}"
242,SKU-L8422,Product 242,Electronics>Audio>Headphones,Unknown,102,$11.37,191.41,USD,9.53,45x27x14,No,,49,External,"{""color"": ""Blue"", ""material"": ""Cotton"", ""warranty_years"": 2}"
243,SKU-V7423,Product 243,Apparel>Men>Shirts,Samsung,136,$139.59,482.16,USD,6.02,34x30x24,True,216,16,Zone A,"{""color"": ""Red"", ""material"": ""Plastic"", ""warranty_years"": 1}"
244,SKU-P2086,Product 244,Electronics>Audio>Headphones,Sony,109,€53.22,278.45,USD,13.13,43x10x20,0,52,35,External,"{""color"": ""Blue"", ""material"": ""Plastic"", ""warranty_years"": 5}"
245,SKU-A2606,Product 245,Home>Kitchen>Appliances,Nike,141,$121.47,27.63,USD,4.31,32x23x18,No,-5,49,Zone B,"{""color"": ""Black"", ""material"": ""Metal"", ""warranty_years"": 5}"
246,SKU-J9938,Product 246,Apparel>Men>Shirts,Samsung,131,€85.76,247.36,USD,18.16,38x18x22,No,-10,26,Zone C,"{""color"": ""Red"", ""material"": ""Metal"", ""warranty_years"": 4}"
247,SKU-J7130,Product 247,Electronics>Video>TVs,Adidas,135,$15.67,21.14,USD,17.1,16x11x19,True,-5,40,Zone C,"{""color"": ""Black"", ""material"": ""Plastic"", ""warranty_years"": 5}"
248,SKU-B5249,Product 248,Apparel>Men>Shirts,Sony,148,$40.96,374.1,USD,9.35,48x27x12,1,53,48,Zone A,"{""color"": ""Blue"", ""material"": ""Metal"", ""warranty_years"": 5}"
249,SKU-B1051,Product 249,Apparel>Men>Shirts,LG,126,$34.71,291.65,USD,3.89,37x47x31,False,414,34,Zone C,"{""color"": ""Blue"", ""material"": ""Cotton"", ""warranty_years"": 5}"
250,SKU-D3063,Product 250,Electronics>Audio>Headphones,Nike,148,$152.21,72.7,USD,9.98,34x30x25,False,137,46,Zone A,"{""color"": ""Black"", ""material"": ""Plastic"", ""warranty_years"": 2}"
251,SKU-I5215,Product 251,Apparel>Men>Shirts,Nike,118,$171.23,410.25,USD,3.07,12x47x28,1,-10,24,Zone A,"{""color"": ""Red"", ""material"": ""Cotton"", ""warranty_years"": 4}"
252,SKU-M8349,Product 252,Apparel>Women>Shoes,LG,137,$22.07,277.49,USD,5.47,50x43x16,0,216,11,External,"{""color"": ""Black"", ""material"": ""Cotton"", ""warranty_years"": 1}"
253,SKU-O7515,Product 253,Apparel>Men>Shirts,Samsung,100,$41.31,74.75,USD,9.71,35x15x45,0,181,20,Zone B,"{""color"": ""White"", ""material"": ""Wood"", ""warranty_years"": 4}"
254,SKU-V8520,Product 254,Electronics>Audio>Headphones,Nike,125,$70.54,96.81,USD,0.52,39x28x47,0,52,41,Zone B,"{""color"": ""White"", ""material"": ""Wood"", ""warranty_years"": 5}"
255,SKU-L4056,Product 255,Apparel>Women>Shoes,Samsung,145,$150.91,414.61,USD,15.34,33x42x30,1,345,39,Zone B,"{""color"": ""White"", ""material"": ""Plastic"", ""warranty_years"": 2}"
256,SKU-R3342,Product 256,Electronics>Video>TVs,Adidas,112,$150.17,190.63,USD,4.02,37x24x13,Yes,-10,26,Zone B,"{""color"": ""White"", ""material"": ""Cotton"", ""warranty_years"": 5}"
257,SKU-X9488,Product 257,Home>Kitchen>Appliances,LG,134,$123.21,414.13,USD,17.35,37x14x36,No,181,33,External,"{""color"": ""Blue"", ""material"": ""Metal"", ""warranty_years"": 3}"
258,SKU-S3340,Product 258,Apparel>Men>Shirts,Samsung,101,$92.82,53.36,USD,0.54,39x16x21,Yes,,13,Zone B,"{""color"": ""Black"", ""material"": ""Cotton"", ""warranty_years"": 1}"
259,SKU-Q1913,Product 259,Apparel>Women>Shoes,Adidas,121,$136.38,137.05,USD,10.69,32x36x47,1,,41,Zone B,"{""color"": ""Red"", ""material"": ""Cotton"", ""warranty_years"": 3}"
260,SKU-J7586,Product 260,Apparel>Women>Shoes,,138,$152.69,387.0,USD,15.56,48x31x17,Yes,53,28,Zone C,"{""color"": ""White"", ""material"": ""Metal"", ""warranty_years"": 1}"
261,SKU-J2583,Product 261,Electronics>Video>TVs,Sony,127,$84.28,328.02,USD,4.84,41x12x49,0,181,12,Zone B,"{""color"": ""White"", ""material"": ""Metal"", ""warranty_years"": 3}"
262,SKU-U6805,Product 262,Electronics>Video>TVs,Nike,143,$174.89,167.28,USD,14.18,14x39x11,Yes,345,13,Zone B,"{""color"": ""White"", ""material"": ""Plastic"", ""warranty_years"": 4}"
263,SKU-C5402,Product 263,Home>Kitchen>Appliances,LG,101,€70.4,469.29,USD,14.45,17x15x37,1,-5,34,Zone A,"{""color"": ""Blue"", ""material"": ""Cotton"", ""warranty_years"": 2}"
264,SKU-Y4923,Product 264,Home>Kitchen>Appliances,Sony,110,$168.87,121.31,USD,12.79,29x31x37,No,137,18,Zone A,"{""color"": ""White"", ""material"": ""Wood"", ""warranty_years"": 1}"
265,SKU-M1093,Product 265,Electronics>Audio>Headphones,,147,$55.52,427.89,USD,7.35,21x26x32,Yes,137,30,Zone B,"{""color"": ""Blue"", ""material"": ""Cotton"", ""warranty_years"": 2}"
266,SKU-J7774,Product 266,Home>Kitchen>Appliances,Sony,136,€80.2,353.96,USD,15.72,50x28x30,Yes,463,32,Zone A,"{""color"": ""Blue"", ""material"": ""Metal"", ""warranty_years"": 4}"
267,SKU-Q8612,Product 267,Home>Kitchen>Appliances,Sony,125,$91.53,78.14,USD,12.61,15x16x38,Yes,-10,38,Zone C,"{""color"": ""Red"", ""material"": ""Wood"", ""warranty_years"": 4}"
268,SKU-L7315,Product 268,Apparel>Women>Shoes,Samsung,127,$33.31,286.46,USD,11.85,15x29x21,Yes,-10,39,Zone C,"{""color"": ""Black"", ""material"": ""Cotton"", ""warranty_years"": 4}"
269,SKU-B1437,Product 269,Apparel>Men>Shirts,,125,$139.26,466.36,USD,16.4,38x21x48,No,-10,34,Zone C,"{""color"": ""White"", ""material"": ""Wood"", ""warranty_years"": 3}"
270,SKU-I6967,Product 270,Apparel>Men>Shirts,Nike,116,$136.12,317.07,USD,4.97,15x50x36,1,-5,38,External,"{""color"": ""Red"", ""material"": ""Wood"", ""warranty_years"": 3}"
271,SKU-I8017,Product 271,Home>Kitchen>Appliances,LG,102,$28.92,273.83,USD,4.73,47x13x26,True,181,43,Zone C,"{""color"": ""Blue"", ""material"": ""Cotton"", ""warranty_years"": 5}"
272,SKU-N2515,Product 272,Electronics>Audio>Headphones,Unknown,113,€161.44,195.84,USD,7.79,10x20x49,Yes,414,23,Zone B,"{""color"": ""White"", ""material"": ""Plastic"", ""warranty_years"": 5}"
273,SKU-Y4490,Product 273,Electronics>Audio>Headphones,Unknown,115,$14.83,398.62,USD,1.56,11x47x41,True,-10,31,Zone C,"{""color"": ""Black"", ""material"": ""Metal"", ""warranty_years"": 2}"
274,SKU-R6686,Product 274,Apparel>Men>Shirts,Nike,148,$42.95,458.27,USD,6.81,29x27x32,No,-5,25,Zone C,"{""color"": ""White"", ""material"": ""Cotton"", ""warranty_years"": 5}"
275,SKU-A7950,Product 275,Electronics>Video>TVs,Nike,135,€109.13,381.59,USD,8.18,14x15x32,1,463,20,Zone C,"{""color"": ""Red"", ""material"": ""Plastic"", ""warranty_years"": 1}"
276,SKU-Y5044,Product 276,Apparel>Women>Shoes,Nike,127,$174.39,368.12,USD,9.95,29x49x18,False,-10,23,Zone C,"{""color"": ""White"", ""material"": ""Wood"", ""warranty_years"": 3}"
277,SKU-R7083,Product 277,Home>Kitchen>Appliances,Adidas,127,$49.62,112.4,USD,5.15,13x47x32,True,414,16,Zone A,"{""color"": ""Blue"", ""material"": ""Cotton"", ""warranty_years"": 1}"
278,SKU-Y3142,Product 278,Apparel>Women>Shoes,,124,$32.96,420.31,USD,18.15,42x20x48,1,,14,Zone C,"{""color"": ""Black"", ""material"": ""Metal"", ""warranty_years"": 2}"
279,SKU-T4241,Product 279,Home>Kitchen>Appliances,Adidas,108,$111.4,39.53,USD,5.77,29x34x15,False,216,49,Zone C,"{""color"": ""Red"", ""material"": ""Wood"", ""warranty_years"": 2}"
280,SKU-E1951,Product 280,Home>Kitchen>Appliances,Adidas,110,$59.03,383.53,USD,17.05,47x50x38,Yes,463,38,Zone A,"{""color"": ""Red"", ""material"": ""Metal"", ""warranty_years"": 4}"
281,SKU-J8490,Product 281,Apparel>Men>Shirts,Adidas,136,$160.53,121.22,USD,8.95,50x47x15,No,411,26,Zone A,"{""color"": ""Black"", ""material"": ""Cotton"", ""warranty_years"": 4}"
282,SKU-K1369,Product 282,Apparel>Women>Shoes,Nike,142,$10.53,253.89,USD,14.39,38x49x16,No,181,39,External,"{""color"": ""White"", ""material"": ""Cotton"", ""warranty_years"": 5}"
283,SKU-S1203,Product 283,Apparel>Women>Shoes,Nike,144,$145.17,353.71,USD,2.31,46x34x19,1,137,34,Zone B,"{""color"": ""White"", ""material"": ""Wood"", ""warranty_years"": 3}"
284,SKU-J7924,Product 284,Electronics>Video>TVs,Unknown,120,€77.83,384.36,USD,10.94,25x26x38,0,-5,23,External,"{""color"": ""White"", ""material"": ""Cotton"", ""warranty_years"": 1}"
285,SKU-A3025,Product 285,Electronics>Video>TVs,LG,101,$106.07,446.28,USD,19.22,14x42x34,False,181,31,Zone A,"{""color"": ""White"", ""material"": ""Wood"", ""warranty_years"": 4}"
286,SKU-N6076,Product 286,Apparel>Women>Shoes,Unknown,133,$20.08,155.64,USD,13.36,41x26x36,0,137,14,Zone A,"{""color"": ""Red"", ""material"": ""Plastic"", ""warranty_years"": 1}"
287,SKU-B3572,Product 287,Electronics>Video>TVs,Unknown,141,$71.26,127.67,USD,16.42,50x41x23,No,137,49,Zone A,"{""color"": ""Black"", ""material"": ""Wood"", ""warranty_years"": 4}"
288,SKU-E8772,Product 288,Electronics>Video>TVs,LG,112,$111.96,498.2,USD,5.3,12x44x46,No,,37,External,"{""color"": ""Red"", ""material"": ""Plastic"", ""warranty_years"": 1}"
289,SKU-I6035,Product 289,Home>Kitchen>Appliances,LG,104,€38.81,119.63,USD,16.02,20x28x17,Yes,137,21,Zone C,"{""color"": ""Blue"", ""material"": ""Plastic"", ""warranty_years"": 2}"
290,SKU-M6155,Product 290,Apparel>Men>Shirts,Unknown,110,$191.18,339.43,USD,7.09,31x49x49,Yes,216,45,Zone B,"{""color"": ""Blue"", ""material"": ""Plastic"", ""warranty_years"": 3}"
291,SKU-Y1423,Product 291,Home>Kitchen>Appliances,Unknown,128,€18.95,477.32,USD,9.75,28x27x43,True,52,22,Zone B,"{""color"": ""Red"", ""material"": ""Wood"", ""warranty_years"": 3}"
292,SKU-C6974,Product 292,Electronics>Video>TVs,Unknown,146,$190.52,450.35,USD,3.84,44x40x40,No,345,30,Zone C,"{""color"": ""Red"", ""material"": ""Metal"", ""warranty_years"": 4}"
293,SKU-J4825,Product 293,Home>Kitchen>Appliances,LG,127,$157.38,232.77,USD,9.77,46x12x32,Yes,216,41,Zone B,"{""color"": ""White"", ""material"": ""Plastic"", ""warranty_years"": 4}"
294,SKU-I4191,Product 294,Home>Kitchen>Appliances,LG,127,$164.05,326.04,USD,10.36,49x20x35,True,411,30,Zone C,"{""color"": ""White"", ""material"": ""Wood"", ""warranty_years"": 3}"
295,SKU-H6633,Product 295,Electronics>Audio>Headphones,Adidas,104,$113.78,273.97,USD,12.48,41x27x11,False,286,46,External,"{""color"": ""Black"", ""material"": ""Plastic"", ""warranty_years"": 2}"
296,SKU-U2602,Product 296,Home>Kitchen>Appliances,Nike,119,$192.23,186.39,USD,17.39,32x48x12,0,216,47,Zone A,"{""color"": ""Black"", ""material"": ""Metal"", ""warranty_years"": 2}"
297,SKU-N2344,Product 297,Home>Kitchen>Appliances,LG,136,$85.13,89.32,USD,6.17,15x33x16,False,345,18,Zone C,"{""color"": ""Black"", ""material"": ""Metal"", ""warranty_years"": 2}"
298,SKU-I4031,Product 298,Apparel>Men>Shirts,Samsung,138,$118.97,405.63,USD,19.68,49x17x26,0,181,46,Zone C,"{""color"": ""Black"", ""material"": ""Metal"", ""warranty_years"": 1}"
299,SKU-V7127,Product 299,Apparel>Women>Shoes,,109,$128.89,63.41,USD,16.97,41x12x32,1,53,11,Zone A,"{""color"": ""Blue"", ""material"": ""Wood"", ""warranty_years"": 2}"
300,SKU-U1539,Product 300,Electronics>Audio>Headphones,LG,131,$174.49,312.62,USD,8.12,24x31x26,False,137,12,Zone A,"{""color"": ""White"", ""material"": ""Metal"", ""warranty_years"": 2}"
301,SKU-Z9513,Product 301,Electronics>Audio>Headphones,LG,128,$97.9,305.3,USD,4.61,28x22x20,1,52,19,Zone B,"{""color"": ""Blue"", ""material"": ""Plastic"", ""warranty_years"": 5}"
302,SKU-F1582,Product 302,Electronics>Audio>Headphones,Nike,101,$25.01,180.72,USD,1.52,11x48x46,0,345,44,Zone C,"{""color"": ""Blue"", ""material"": ""Cotton"", ""warranty_years"": 1}"
303,SKU-L8335,Product 303,Electronics>Audio>Headphones,Unknown,100,€22.96,85.0,USD,4.76,13x49x32,No,463,18,Zone A,"{""color"": ""Blue"", ""material"": ""Metal"", ""warranty_years"": 2}"
304,SKU-W4393,Product 304,Apparel>Men>Shirts,Adidas,119,$30.3,403.83,USD,17.7,24x28x24,No,-10,49,Zone B,"{""color"": ""Black"", ""material"": ""Metal"", ""warranty_years"": 1}"
305,SKU-I2472,Product 305,Apparel>Women>Shoes,Sony,100,$101.83,241.72,USD,5.91,13x11x47,True,411,41,External,"{""color"": ""Blue"", ""material"": ""Wood"", ""warranty_years"": 2}"
306,SKU-R3059,Product 306,Apparel>Men>Shirts,Unknown,103,$107.17,368.13,USD,2.85,34x22x49,False,,30,Zone C,"{""color"": ""White"", ""material"": ""Metal"", ""warranty_years"": 2}"
307,SKU-H5023,Product 307,Electronics>Audio>Headphones,Unknown,114,$15.46,27.91,USD,0.55,24x11x15,False,52,43,External,"{""color"": ""Black"", ""material"": ""Cotton"", ""warranty_years"": 2}"
308,SKU-Z6175,Product 308,Apparel>Women>Shoes,Nike,146,$175.73,55.76,USD,6.02,42x32x22,True,,34,Zone A,"{""color"": ""Black"", ""material"": ""Metal"", ""warranty_years"": 1}"
309,SKU-C7831,Product 309,Apparel>Men>Shirts,Adidas,129,$106.25,104.41,USD,4.4,45x17x26,True,52,41,Zone A,"{""color"": ""Blue"", ""material"": ""Metal"", ""warranty_years"": 5}"
310,SKU-U3445,Product 310,Apparel>Women>Shoes,Samsung,105,$129.39,74.64,USD,2.13,30x43x43,Yes,216,46,Zone C,"{""color"": ""Blue"", ""material"": ""Cotton"", ""warranty_years"": 4}"
311,SKU-C6634,Product 311,Apparel>Men>Shirts,,137,$166.95,112.02,USD,19.03,13x38x29,No,,31,External,"{""color"": ""Red"", ""material"": ""Cotton"", ""warranty_years"": 4}"
312,SKU-V3999,Product 312,Apparel>Women>Shoes,,100,€53.19,349.51,USD,5.43,30x41x40,Yes,411,34,Zone A,"{""color"": ""Red"", ""material"": ""Plastic"", ""warranty_years"": 5}"
313,SKU-R9472,Product 313,Apparel>Men>Shirts,Sony,106,$155.17,42.56,USD,0.22,45x12x29,0,52,10,Zone C,"{""color"": ""Red"", ""material"": ""Cotton"", ""warranty_years"": 1}"
314,SKU-L9266,Product 314,Electronics>Audio>Headphones,,104,$92.25,38.18,USD,18.89,13x45x44,No,,45,Zone C,"{""color"": ""Black"", ""material"": ""Cotton"", ""warranty_years"": 1}"
315,SKU-Q5996,Product 315,Electronics>Audio>Headphones,Adidas,148,$161.57,35.19,USD,11.61,46x48x35,False,414,30,Zone C,"{""color"": ""Red"", ""material"": ""Cotton"", ""warranty_years"": 2}"
316,SKU-X1204,Product 316,Electronics>Audio>Headphones,Unknown,106,$184.61,354.87,USD,1.75,15x19x10,True,463,25,Zone A,"{""color"": ""White"", ""material"": ""Cotton"", ""warranty_years"": 5}"
317,SKU-D1136,Product 317,Apparel>Men>Shirts,Adidas,135,$58.84,277.35,USD,0.73,14x44x42,True,345,41,Zone A,"{""color"": ""Blue"", ""material"": ""Plastic"", ""warranty_years"": 1}"
318,SKU-N4341,Product 318,Apparel>Women>Shoes,Nike,102,$174.85,197.72,USD,2.25,21x10x41,No,345,30,Zone C,"{""color"": ""White"", ""material"": ""Wood"", ""warranty_years"": 2}"
319,SKU-O6216,Product 319,Apparel>Women>Shoes,Adidas,111,$86.91,344.29,USD,11.87,32x23x45,1,345,37,Zone B,"{""color"": ""Red"", ""material"": ""Cotton"", ""warranty_years"": 5}"
320,SKU-K5086,Product 320,Electronics>Video>TVs,LG,114,€193.06,285.73,USD,1.33,16x23x32,Yes,-5,28,Zone C,"{""color"": ""Blue"", ""material"": ""Metal"", ""warranty_years"": 2}"
321,SKU-O9546,Product 321,Home>Kitchen>Appliances,Adidas,119,$76.53,23.52,USD,11.41,24x10x35,No,411,23,Zone C,"{""color"": ""Black"", ""material"": ""Cotton"", ""warranty_years"": 2}"
322,SKU-C3310,Product 322,Electronics>Audio>Headphones,Sony,140,$104.81,422.5,USD,13.09,48x42x23,No,53,32,Zone C,"{""color"": ""Red"", ""material"": ""Wood"", ""warranty_years"": 5}"
323,SKU-V2142,Product 323,Electronics>Audio>Headphones,Adidas,120,€120.26,188.09,USD,3.04,38x16x37,1,53,33,Zone B,"{""color"": ""Blue"", ""material"": ""Wood"", ""warranty_years"": 2}"
324,SKU-O2904,Product 324,Electronics>Audio>Headphones,Samsung,131,$172.53,211.79,USD,9.82,20x32x25,True,53,29,External,"{""color"": ""White"", ""material"": ""Plastic"", ""warranty_years"": 3}"
325,SKU-I8708,Product 325,Electronics>Video>TVs,,111,$127.14,395.5,USD,19.28,25x16x34,False,411,41,Zone A,"{""color"": ""White"", ""material"": ""Metal"", ""warranty_years"": 5}"
326,SKU-S9010,Product 326,Electronics>Video>TVs,LG,136,$197.68,109.8,USD,16.75,33x27x18,False,463,49,Zone A,"{""color"": ""Black"", ""material"": ""Metal"", ""warranty_years"": 2}"
327,SKU-G2527,Product 327,Electronics>Video>TVs,Sony,139,€110.74,24.83,USD,14.49,31x49x49,1,463,19,External,"{""color"": ""Blue"", ""material"": ""Plastic"", ""warranty_years"": 5}"
328,SKU-N9934,Product 328,Electronics>Audio>Headphones,Sony,146,€46.87,456.24,USD,10.4,30x23x25,Yes,411,10,Zone C,"{""color"": ""Black"", ""material"": ""Cotton"", ""warranty_years"": 4}"
329,SKU-B5886,Product 329,Apparel>Women>Shoes,Unknown,106,$14.4,262.63,USD,7.95,47x46x18,0,137,40,Zone C,"{""color"": ""White"", ""material"": ""Plastic"", ""warranty_years"": 5}"
330,SKU-J9844,Product 330,Electronics>Audio>Headphones,Nike,144,$160.33,187.77,USD,9.08,10x12x36,No,-10,46,Zone A,"{""color"": ""Red"", ""material"": ""Plastic"", ""warranty_years"": 4}"
331,SKU-S9131,Product 331,Electronics>Video>TVs,,130,€75.26,413.14,USD,15.32,18x32x44,False,52,24,Zone C,"{""color"": ""Blue"", ""material"": ""Wood"", ""warranty_years"": 5}"
332,SKU-Y2516,Product 332,Electronics>Video>TVs,Nike,100,$174.7,32.62,USD,11.13,15x39x15,0,411,49,External,"{""color"": ""Black"", ""material"": ""Plastic"", ""warranty_years"": 1}"
333,SKU-C8753,Product 333,Home>Kitchen>Appliances,LG,110,€167.57,117.1,USD,15.32,28x23x10,No,52,40,Zone A,"{""color"": ""White"", ""material"": ""Metal"", ""warranty_years"": 5}"
334,SKU-P4096,Product 334,Apparel>Men>Shirts,Sony,144,$161.17,94.54,USD,19.4,21x24x42,Yes,463,37,Zone B,"{""color"": ""Blue"", ""material"": ""Plastic"", ""warranty_years"": 2}"
335,SKU-E9075,Product 335,Home>Kitchen>Appliances,Unknown,133,€91.38,374.16,USD,12.85,17x15x29,1,,19,Zone C,"{""color"": ""Blue"", ""material"": ""Wood"", ""warranty_years"": 2}"
336,SKU-O6936,Product 336,Home>Kitchen>Appliances,Samsung,118,€101.54,169.8,USD,12.1,14x21x20,Yes,286,15,External,"{""color"": ""Blue"", ""material"": ""Cotton"", ""warranty_years"": 2}"
337,SKU-F6948,Product 337,Electronics>Audio>Headphones,Adidas,110,$176.01,391.0,USD,8.18,35x20x34,True,345,24,Zone A,"{""color"": ""Black"", ""material"": ""Metal"", ""warranty_years"": 1}"
338,SKU-Y5196,Product 338,Apparel>Men>Shirts,Adidas,132,€168.15,39.91,USD,4.02,41x41x28,Yes,,36,Zone A,"{""color"": ""Red"", ""material"": ""Plastic"", ""warranty_years"": 4}"
339,SKU-D1704,Product 339,Apparel>Men>Shirts,Adidas,132,$18.32,311.9,USD,7.55,20x37x10,1,52,19,Zone B,"{""color"": ""White"", ""material"": ""Metal"", ""warranty_years"": 1}"
340,SKU-J1504,Product 340,Electronics>Audio>Headphones,Nike,107,$90.64,172.75,USD,10.45,23x49x22,1,-5,30,Zone C,"{""color"": ""Blue"", ""material"": ""Wood"", ""warranty_years"": 5}"
341,SKU-X9332,Product 341,Apparel>Women>Shoes,Sony,144,$106.23,109.72,USD,0.79,36x45x32,Yes,414,28,Zone B,"{""color"": ""Red"", ""material"": ""Cotton"", ""warranty_years"": 4}"
342,SKU-B9286,Product 342,Electronics>Audio>Headphones,Sony,107,$156.93,412.05,USD,9.57,32x34x31,No,,13,External,"{""color"": ""Red"", ""material"": ""Plastic"", ""warranty_years"": 1}"
343,SKU-F1150,Product 343,Apparel>Women>Shoes,Samsung,133,€191.64,217.88,USD,17.26,11x16x36,1,463,31,Zone A,"{""color"": ""Black"", ""material"": ""Wood"", ""warranty_years"": 3}"
344,SKU-W4758,Product 344,Apparel>Women>Shoes,Nike,139,€46.82,294.38,USD,19.53,16x39x40,True,181,47,Zone A,"{""color"": ""Black"", ""material"": ""Plastic"", ""warranty_years"": 4}"
345,SKU-O6759,Product 345,Apparel>Men>Shirts,Samsung,126,$149.39,35.88,USD,17.13,42x38x16,0,53,24,Zone B,"{""color"": ""Red"", ""material"": ""Cotton"", ""warranty_years"": 3}"
346,SKU-B9653,Product 346,Electronics>Audio>Headphones,Sony,128,€178.41,399.98,USD,3.52,44x20x10,Yes,181,15,Zone B,"{""color"": ""White"", ""material"": ""Metal"", ""warranty_years"": 5}"
347,SKU-A3669,Product 347,Electronics>Audio>Headphones,Adidas,113,€178.03,157.7,USD,3.18,25x20x26,1,,20,Zone B,"{""color"": ""Red"", ""material"": ""Plastic"", ""warranty_years"": 4}"
348,SKU-D2763,Product 348,Apparel>Men>Shirts,,133,$59.09,352.83,USD,7.93,48x40x11,No,,39,Zone C,"{""color"": ""Blue"", ""material"": ""Plastic"", ""warranty_years"": 2}"
349,SKU-P4501,Product 349,Home>Kitchen>Appliances,Nike,144,$68.37,385.03,USD,4.59,35x18x21,No,53,49,Zone A,"{""color"": ""Blue"", ""material"": ""Metal"", ""warranty_years"": 1}"
350,SKU-Q6251,Product 350,Electronics>Audio>Headphones,Nike,136,$6.18,76.22,USD,13.55,42x24x33,No,181,33,Zone C,"{""color"": ""White"", ""material"": ""Wood"", ""warranty_years"": 5}"
351,SKU-V7296,Product 351,Electronics>Video>TVs,Nike,100,$109.91,162.03,USD,1.78,25x32x20,0,411,31,External,"{""color"": ""Black"", ""material"": ""Plastic"", ""warranty_years"": 2}"
352,SKU-X2064,Product 352,Electronics>Video>TVs,Unknown,108,$129.28,367.25,USD,8.93,47x45x36,True,-10,39,Zone C,"{""color"": ""Red"", ""material"": ""Plastic"", ""warranty_years"": 2}"
353,SKU-B3525,Product 353,Electronics>Audio>Headphones,Unknown,109,$136.78,131.45,USD,5.68,41x38x42,Yes,345,13,Zone B,"{""color"": ""White"", ""material"": ""Cotton"", ""warranty_years"": 3}"
354,SKU-X5464,Product 354,Apparel>Women>Shoes,Adidas,129,$150.82,427.12,USD,11.95,28x29x16,1,137,15,External,"{""color"": ""White"", ""material"": ""Wood"", ""warranty_years"": 4}"
355,SKU-B5551,Product 355,Apparel>Men>Shirts,Unknown,142,€92.62,169.75,USD,15.96,16x24x29,0,53,47,External,"{""color"": ""White"", ""material"": ""Wood"", ""warranty_years"": 4}"
356,SKU-J3280,Product 356,Apparel>Women>Shoes,Nike,117,$16.78,213.12,USD,18.48,40x27x15,True,345,35,Zone C,"{""color"": ""Black"", ""material"": ""Cotton"", ""warranty_years"": 2}"
357,SKU-T9530,Product 357,Electronics>Video>TVs,Unknown,116,$172.51,67.88,USD,19.28,19x34x20,False,411,28,Zone C,"{""color"": ""Red"", ""material"": ""Metal"", ""warranty_years"": 1}"
358,SKU-C3190,Product 358,Electronics>Video>TVs,Unknown,105,€125.73,90.88,USD,7.09,45x24x43,1,345,11,Zone B,"{""color"": ""Black"", ""material"": ""Wood"", ""warranty_years"": 5}"
359,SKU-Z6167,Product 359,Apparel>Men>Shirts,LG,110,$39.45,152.2,USD,17.13,40x45x28,No,411,13,Zone B,"{""color"": ""White"", ""material"": ""Wood"", ""warranty_years"": 3}"
360,SKU-K6437,Product 360,Electronics>Video>TVs,Nike,123,$147.02,43.48,USD,11.88,12x34x21,No,-10,14,External,"{""color"": ""Black"", ""material"": ""Plastic"", ""warranty_years"": 4}"
361,SKU-F5277,Product 361,Home>Kitchen>Appliances,Unknown,135,$187.86,112.66,USD,13.88,39x12x11,True,216,44,Zone B,"{""color"": ""Black"", ""material"": ""Cotton"", ""warranty_years"": 1}"
362,SKU-M1298,Product 362,Electronics>Video>TVs,Adidas,132,$140.1,216.29,USD,17.04,16x46x26,0,-10,38,Zone A,"{""color"": ""Blue"", ""material"": ""Plastic"", ""warranty_years"": 4}"
363,SKU-J4382,Product 363,Apparel>Women>Shoes,Unknown,132,€62.51,202.38,USD,2.69,20x26x11,No,414,25,Zone A,"{""color"": ""White"", ""material"": ""Metal"", ""warranty_years"": 2}"
364,SKU-O2869,Product 364,Apparel>Women>Shoes,Unknown,117,€68.54,115.37,USD,18.95,39x30x22,Yes,-10,21,External,"{""color"": ""White"", ""material"": ""Wood"", ""warranty_years"": 3}"
365,SKU-K3087,Product 365,Home>Kitchen>Appliances,,104,$20.25,58.62,USD,10.99,46x48x29,0,-5,30,Zone C,"{""color"": ""Red"", ""material"": ""Wood"", ""warranty_years"": 2}"
366,SKU-H8858,Product 366,Apparel>Women>Shoes,Nike,130,$120.62,172.71,USD,6.79,39x48x13,No,181,18,Zone C,"{""color"": ""White"", ""material"": ""Wood"", ""warranty_years"": 3}"
367,SKU-B3965,Product 367,Apparel>Women>Shoes,Unknown,115,$180.71,377.77,USD,6.84,42x13x22,Yes,-10,20,Zone A,"{""color"": ""Blue"", ""material"": ""Wood"", ""warranty_years"": 4}"
368,SKU-D5965,Product 368,Apparel>Women>Shoes,LG,101,$89.45,264.85,USD,15.04,22x29x25,True,181,17,Zone C,"{""color"": ""Black"", ""material"": ""Plastic"", ""warranty_years"": 1}"
369,SKU-O1719,Product 369,Electronics>Audio>Headphones,LG,108,$147.89,474.47,USD,13.61,46x16x39,True,411,35,Zone B,"{""color"": ""White"", ""material"": ""Wood"", ""warranty_years"": 3}"
370,SKU-F9034,Product 370,Home>Kitchen>Appliances,,101,$108.46,87.15,USD,14.62,49x37x31,0,463,41,Zone A,"{""color"": ""White"", ""material"": ""Metal"", ""warranty_years"": 3}"
371,SKU-X2603,Product 371,Home>Kitchen>Appliances,Unknown,136,€39.03,119.51,USD,5.13,31x49x13,0,137,48,External,"{""color"": ""Blue"", ""material"": ""Cotton"", ""warranty_years"": 4}"
372,SKU-J7980,Product 372,Electronics>Video>TVs,Nike,119,$32.71,154.54,USD,3.49,46x12x11,Yes,137,13,Zone C,"{""color"": ""White"", ""material"": ""Metal"", ""warranty_years"": 5}"
373,SKU-O6895,Product 373,Home>Kitchen>Appliances,Sony,116,$171.06,26.24,USD,14.47,37x37x38,1,53,43,External,"{""color"": ""Black"", ""material"": ""Cotton"", ""warranty_years"": 5}"
374,SKU-G4396,Product 374,Apparel>Men>Shirts,Sony,124,$70.46,472.82,USD,6.04,29x45x36,0,53,37,External,"{""color"": ""White"", ""material"": ""Plastic"", ""warranty_years"": 5}"
375,SKU-V7683,Product 375,Home>Kitchen>Appliances,Samsung,118,$165.15,233.77,USD,4.53,31x20x47,No,52,34,Zone C,"{""color"": ""Red"", ""material"": ""Metal"", ""warranty_years"": 1}"
376,SKU-L9867,Product 376,Apparel>Men>Shirts,LG,141,$94.59,251.19,USD,4.37,44x33x41,1,-10,44,Zone C,"{""color"": ""White"", ""material"": ""Metal"", ""warranty_years"": 2}"
377,SKU-N5813,Product 377,Apparel>Women>Shoes,Sony,107,$105.82,95.77,USD,3.05,24x28x14,1,,28,Zone A,"{""color"": ""Blue"", ""material"": ""Cotton"", ""warranty_years"": 1}"
378,SKU-V4421,Product 378,Apparel>Men>Shirts,Samsung,110,€116.57,438.89,USD,8.59,45x28x31,1,181,44,Zone A,"{""color"": ""Blue"", ""material"": ""Metal"", ""warranty_years"": 5}"
379,SKU-U9536,Product 379,Electronics>Audio>Headphones,Sony,112,$50.55,352.46,USD,5.29,38x16x39,True,414,48,External,"{""color"": ""White"", ""material"": ""Plastic"", ""warranty_years"": 3}"
380,SKU-V5510,Product 380,Apparel>Women>Shoes,Nike,112,$15.27,227.05,USD,17.89,49x24x17,True,414,38,External,"{""color"": ""Blue"", ""material"": ""Plastic"", ""warranty_years"": 3}"
381,SKU-V3980,Product 381,Apparel>Men>Shirts,Unknown,108,$196.8,441.43,USD,13.81,31x16x35,1,181,23,Zone A,"{""color"": ""Black"", ""material"": ""Cotton"", ""warranty_years"": 2}"
382,SKU-Y3791,Product 382,Apparel>Women>Shoes,LG,104,$15.8,454.62,USD,14.9,28x30x34,1,286,30,External,"{""color"": ""White"", ""material"": ""Wood"", ""warranty_years"": 1}"
383,SKU-C9225,Product 383,Electronics>Audio>Headphones,Sony,117,$166.53,43.75,USD,8.13,31x43x19,True,411,45,Zone B,"{""color"": ""Red"", ""material"": ""Wood"", ""warranty_years"": 4}"
384,SKU-R5044,Product 384,Apparel>Women>Shoes,Nike,139,$73.53,77.28,USD,12.04,36x44x15,Yes,411,47,Zone C,"{""color"": ""Black"", ""material"": ""Metal"", ""warranty_years"": 5}"
385,SKU-X8173,Product 385,Apparel>Women>Shoes,Samsung,113,€81.64,33.26,USD,10.07,21x37x18,No,345,23,Zone C,"{""color"": ""Black"", ""material"": ""Wood"", ""warranty_years"": 3}"
386,SKU-D5739,Product 386,Home>Kitchen>Appliances,Nike,133,$178.57,299.23,USD,3.43,20x46x47,False,463,49,Zone B,"{""color"": ""Blue"", ""material"": ""Cotton"", ""warranty_years"": 2}"
387,SKU-O3367,Product 387,Electronics>Video>TVs,Samsung,121,$157.59,124.61,USD,1.05,27x21x18,0,53,24,Zone A,"{""color"": ""Blue"", ""material"": ""Plastic"", ""warranty_years"": 2}"
388,SKU-Y3921,Product 388,Apparel>Men>Shirts,Sony,147,$176.8,425.57,USD,13.7,21x20x10,1,414,39,Zone A,"{""color"": ""White"", ""material"": ""Cotton"", ""warranty_years"": 2}"
389,SKU-R7551,Product 389,Electronics>Video>TVs,Unknown,132,$31.9,243.64,USD,2.51,44x31x29,True,463,21,External,"{""color"": ""Red"", ""material"": ""Metal"", ""warranty_years"": 4}"
390,SKU-R6046,Product 390,Electronics>Audio>Headphones,Adidas,123,$148.13,422.1,USD,1.24,10x23x18,1,,14,External,"{""color"": ""Red"", ""material"": ""Wood"", ""warranty_years"": 2}"
391,SKU-S5245,Product 391,Electronics>Audio>Headphones,Unknown,128,$145.6,286.69,USD,8.89,43x37x28,1,-10,36,Zone A,"{""color"": ""White"", ""material"": ""Metal"", ""warranty_years"": 5}"
392,SKU-A6380,Product 392,Apparel>Women>Shoes,Nike,112,$163.83,402.16,USD,14.79,22x45x12,1,411,24,External,"{""color"": ""Black"", ""material"": ""Wood"", ""warranty_years"": 1}"
393,SKU-C9440,Product 393,Electronics>Video>TVs,Adidas,149,$135.29,198.49,USD,15.4,41x28x19,1,345,35,Zone B,"{""color"": ""White"", ""material"": ""Plastic"", ""warranty_years"": 1}"
394,SKU-I8243,Product 394,Apparel>Men>Shirts,LG,126,$189.54,473.79,USD,17.48,28x30x25,Yes,53,18,Zone C,"{""color"": ""Red"", ""material"": ""Plastic"", ""warranty_years"": 4}"
395,SKU-R8182,Product 395,Apparel>Men>Shirts,Adidas,100,$87.71,340.24,USD,4.06,32x23x37,0,181,49,Zone B,"{""color"": ""Red"", ""material"": ""Cotton"", ""warranty_years"": 5}"
396,SKU-O8336,Product 396,Apparel>Women>Shoes,Unknown,106,$30.16,305.84,USD,19.71,13x32x24,0,52,49,Zone C,"{""color"": ""Black"", ""material"": ""Wood"", ""warranty_years"": 1}"
397,SKU-O1180,Product 397,Apparel>Men>Shirts,LG,103,$54.91,189.13,USD,15.29,25x44x26,True,53,44,Zone C,"{""color"": ""Black"", ""material"": ""Cotton"", ""warranty_years"": 2}"
398,SKU-Z5467,Product 398,Home>Kitchen>Appliances,,109,€5.58,469.85,USD,3.23,41x47x42,Yes,345,22,External,"{""color"": ""White"", ""material"": ""Cotton"", ""warranty_years"": 1}"
399,SKU-T3678,Product 399,Electronics>Video>TVs,Sony,139,$147.07,182.11,USD,16.83,25x44x48,Yes,463,42,External,"{""color"": ""White"", ""material"": ""Metal"", ""warranty_years"": 4}"
400,SKU-O6317,Product 400,Electronics>Audio>Headphones,Sony,134,$170.9,421.21,USD,10.03,10x10x23,0,414,43,Zone C,"{""color"": ""Blue"", ""material"": ""Metal"", ""warranty_years"": 3}"
401,SKU-G6100,Product 401,Apparel>Men>Shirts,Nike,138,€17.45,214.07,USD,1.42,49x40x20,True,463,13,External,"{""color"": ""Black"", ""material"": ""Cotton"", ""warranty_years"": 5}"
402,SKU-V1209,Product 402,Apparel>Men>Shirts,Adidas,115,$9.06,388.25,USD,2.73,45x10x46,Yes,463,22,Zone B,"{""color"": ""Black"", ""material"": ""Wood"", ""warranty_years"": 1}"
403,SKU-I3569,Product 403,Apparel>Men>Shirts,LG,126,$179.01,457.7,USD,8.73,40x27x37,True,53,19,Zone A,"{""color"": ""Black"", ""material"": ""Plastic"", ""warranty_years"": 2}"
404,SKU-P5439,Product 404,Apparel>Women>Shoes,LG,119,€27.57,243.49,USD,10.66,39x50x10,0,414,10,External,"{""color"": ""Black"", ""material"": ""Plastic"", ""warranty_years"": 5}"
405,SKU-M4057,Product 405,Electronics>Audio>Headphones,Adidas,109,€63.7,272.54,USD,18.96,32x10x49,1,345,20,External,"{""color"": ""Red"", ""material"": ""Metal"", ""warranty_years"": 1}"
406,SKU-Z7058,Product 406,Electronics>Video>TVs,Unknown,144,$54.73,178.56,USD,4.39,47x14x40,No,137,18,External,"{""color"": ""Red"", ""material"": ""Cotton"", ""warranty_years"": 1}"
407,SKU-Z9984,Product 407,Apparel>Men>Shirts,,132,$174.14,46.25,USD,9.53,38x49x25,No,286,47,Zone A,"{""color"": ""Red"", ""material"": ""Cotton"", ""warranty_years"": 3}"
408,SKU-Y5692,Product 408,Home>Kitchen>Appliances,Sony,106,€14.88,333.19,USD,4.6,33x24x26,No,53,32,Zone B,"{""color"": ""White"", ""material"": ""Plastic"", ""warranty_years"": 5}"
409,SKU-J6770,Product 409,Apparel>Women>Shoes,Unknown,141,$170.23,77.43,USD,11.21,17x37x42,Yes,463,22,Zone C,"{""color"": ""Black"", ""material"": ""Wood"", ""warranty_years"": 5}"
410,SKU-Z4756,Product 410,Electronics>Video>TVs,Sony,143,$26.64,189.95,USD,18.2,25x28x21,True,411,14,Zone B,"{""color"": ""Red"", ""material"": ""Wood"", ""warranty_years"": 2}"
411,SKU-V2014,Product 411,Apparel>Men>Shirts,LG,145,€132.59,187.76,USD,11.4,24x43x31,1,286,34,External,"{""color"": ""Red"", ""material"": ""Cotton"", ""warranty_years"": 4}"
412,SKU-N3364,Product 412,Electronics>Video>TVs,Nike,121,€87.22,92.48,USD,10.25,15x25x21,0,411,19,Zone A,"{""color"": ""White"", ""material"": ""Metal"", ""warranty_years"": 1}"
413,SKU-U9506,Product 413,Apparel>Women>Shoes,,142,$189.4,340.02,USD,15.03,50x45x50,False,137,14,Zone B,"{""color"": ""White"", ""material"": ""Plastic"", ""warranty_years"": 4}"
414,SKU-H8169,Product 414,Home>Kitchen>Appliances,Sony,116,$161.75,103.81,USD,3.04,12x16x21,No,463,31,External,"{""color"": ""Black"", ""material"": ""Metal"", ""warranty_years"": 2}"
415,SKU-F5740,Product 415,Apparel>Men>Shirts,Samsung,108,€94.12,393.6,USD,18.12,18x50x49,Yes,-5,34,External,"{""color"": ""Red"", ""material"": ""Cotton"", ""warranty_years"": 4}"
416,SKU-A7758,Product 416,Home>Kitchen>Appliances,LG,139,$189.41,139.65,USD,11.59,50x11x49,Yes,53,46,Zone C,"{""color"": ""Black"", ""material"": ""Metal"", ""warranty_years"": 4}"
417,SKU-U7681,Product 417,Apparel>Women>Shoes,Adidas,109,€12.28,157.9,USD,13.76,30x47x32,True,-10,29,Zone A,"{""color"": ""Black"", ""material"": ""Cotton"", ""warranty_years"": 5}"
418,SKU-U6171,Product 418,Home>Kitchen>Appliances,Adidas,135,$101.68,184.99,USD,16.4,22x39x20,0,345,37,Zone C,"{""color"": ""White"", ""material"": ""Metal"", ""warranty_years"": 3}"
419,SKU-N8170,Product 419,Apparel>Women>Shoes,Unknown,130,$53.68,93.32,USD,12.74,29x14x25,No,345,30,Zone B,"{""color"": ""Blue"", ""material"": ""Wood"", ""warranty_years"": 4}"
420,SKU-X5637,Product 420,Home>Kitchen>Appliances,Unknown,130,$32.72,228.45,USD,12.86,32x49x43,0,52,20,Zone C,"{""color"": ""White"", ""material"": ""Wood"", ""warranty_years"": 2}"
421,SKU-A9018,Product 421,Electronics>Video>TVs,LG,104,$166.87,58.56,USD,14.62,43x46x40,Yes,53,38,Zone B,"{""color"": ""White"", ""material"": ""Cotton"", ""warranty_years"": 5}"
422,SKU-M8959,Product 422,Electronics>Video>TVs,Unknown,117,$168.1,225.02,USD,1.14,24x24x32,Yes,414,14,External,"{""color"": ""Black"", ""material"": ""Metal"", ""warranty_years"": 3}"
423,SKU-S5731,Product 423,Apparel>Women>Shoes,Unknown,105,$84.4,183.16,USD,7.71,50x12x49,No,345,46,Zone A,"{""color"": ""Black"", ""material"": ""Cotton"", ""warranty_years"": 3}"
424,SKU-L4113,Product 424,Electronics>Video>TVs,LG,141,$170.76,182.37,USD,19.26,22x30x43,No,-5,14,Zone A,"{""color"": ""White"", ""material"": ""Wood"", ""warranty_years"": 1}"
425,SKU-X8199,Product 425,Home>Kitchen>Appliances,Sony,149,$139.07,337.12,USD,5.23,45x22x45,True,414,42,External,"{""color"": ""Black"", ""material"": ""Metal"", ""warranty_years"": 4}"
426,SKU-W5249,Product 426,Home>Kitchen>Appliances,LG,127,$108.85,389.13,USD,10.89,38x39x25,True,286,45,Zone A,"{""color"": ""Red"", ""material"": ""Wood"", ""warranty_years"": 5}"
427,SKU-O4951,Product 427,Apparel>Men>Shirts,LG,142,€86.45,190.88,USD,3.59,41x11x21,False,463,17,Zone C,"{""color"": ""White"", ""material"": ""Plastic"", ""warranty_years"": 4}"
428,SKU-X2052,Product 428,Apparel>Women>Shoes,Unknown,123,$140.38,145.77,USD,6.53,23x41x43,1,137,15,Zone B,"{""color"": ""White"", ""material"": ""Plastic"", ""warranty_years"": 3}"
429,SKU-B7392,Product 429,Electronics>Video>TVs,Samsung,104,$140.32,257.29,USD,14.37,14x48x12,True,,24,Zone B,"{""color"": ""Black"", ""material"": ""Metal"", ""warranty_years"": 1}"
430,SKU-P9290,Product 430,Apparel>Women>Shoes,Adidas,127,$144.14,398.11,USD,12.9,35x26x22,1,52,24,Zone B,"{""color"": ""Red"", ""material"": ""Wood"", ""warranty_years"": 3}"
431,SKU-V5576,Product 431,Electronics>Video>TVs,Unknown,102,$25.05,329.4,USD,8.34,32x11x26,Yes,414,18,Zone C,"{""color"": ""White"", ""material"": ""Wood"", ""warranty_years"": 2}"
432,SKU-R6979,Product 432,Apparel>Men>Shirts,Sony,117,$188.53,38.24,USD,18.77,42x23x41,False,286,14,Zone B,"{""color"": ""Red"", ""material"": ""Metal"", ""warranty_years"": 1}"
433,SKU-K2503,Product 433,Home>Kitchen>Appliances,Nike,103,$74.71,250.37,USD,15.52,39x11x35,False,137,35,Zone A,"{""color"": ""White"", ""material"": ""Plastic"", ""warranty_years"": 4}"
434,SKU-I2448,Product 434,Home>Kitchen>Appliances,Sony,139,€157.51,495.66,USD,5.43,48x23x48,False,411,32,Zone B,"{""color"": ""Red"", ""material"": ""Metal"", ""warranty_years"": 3}"
435,SKU-S8575,Product 435,Electronics>Audio>Headphones,Adidas,148,$7.46,189.5,USD,9.36,22x32x43,0,216,25,Zone C,"{""color"": ""Black"", ""material"": ""Metal"", ""warranty_years"": 1}"
436,SKU-S2358,Product 436,Apparel>Women>Shoes,Nike,141,$21.63,231.54,USD,17.57,32x48x16,No,414,48,Zone A,"{""color"": ""Blue"", ""material"": ""Cotton"", ""warranty_years"": 2}"
437,SKU-U1456,Product 437,Electronics>Video>TVs,LG,131,$192.71,157.96,USD,0.55,29x12x27,No,-10,44,External,"{""color"": ""Red"", ""material"": ""Wood"", ""warranty_years"": 3}"
438,SKU-U8989,Product 438,Electronics>Audio>Headphones,Samsung,131,$107.64,258.89,USD,11.67,34x32x34,Yes,137,19,Zone A,"{""color"": ""Blue"", ""material"": ""Cotton"", ""warranty_years"": 1}"
439,SKU-O2171,Product 439,Apparel>Women>Shoes,Samsung,118,$21.76,97.24,USD,4.72,20x17x48,0,137,36,Zone C,"{""color"": ""Blue"", ""material"": ""Metal"", ""warranty_years"": 3}"
440,SKU-P6983,Product 440,Electronics>Video>TVs,Adidas,128,$27.6,138.57,USD,1.37,15x32x37,0,-5,25,Zone A,"{""color"": ""White"", ""material"": ""Cotton"", ""warranty_years"": 4}"
441,SKU-U6385,Product 441,Apparel>Men>Shirts,Unknown,132,$52.07,361.63,USD,18.27,27x46x35,False,52,30,Zone B,"{""color"": ""Black"", ""material"": ""Wood"", ""warranty_years"": 4}"
442,SKU-Y8233,Product 442,Apparel>Women>Shoes,Adidas,101,$191.68,86.38,USD,16.34,15x13x24,0,181,21,Zone C,"{""color"": ""Black"", ""material"": ""Wood"", ""warranty_years"": 4}"
443,SKU-J1212,Product 443,Electronics>Video>TVs,Samsung,110,$52.77,464.55,USD,3.79,28x44x19,Yes,-10,18,External,"{""color"": ""Red"", ""material"": ""Cotton"", ""warranty_years"": 5}"
444,SKU-D6279,Product 444,Home>Kitchen>Appliances,,146,$44.52,167.82,USD,16.76,50x45x33,Yes,345,25,Zone B,"{""color"": ""Blue"", ""material"": ""Plastic"", ""warranty_years"": 2}"
445,SKU-E6789,Product 445,Apparel>Women>Shoes,Nike,132,$19.42,296.01,USD,3.01,44x15x11,0,463,18,Zone C,"{""color"": ""Blue"", ""material"": ""Wood"", ""warranty_years"": 3}"
446,SKU-K5467,Product 446,Electronics>Video>TVs,Nike,140,$69.88,174.48,USD,9.58,49x32x19,No,52,38,Zone C,"{""color"": ""Black"", ""material"": ""Wood"", ""warranty_years"": 2}"
447,SKU-A8011,Product 447,Home>Kitchen>Appliances,Unknown,139,$120.24,249.45,USD,14.54,39x42x36,Yes,463,32,External,"{""color"": ""Blue"", ""material"": ""Wood"", ""warranty_years"": 2}"
448,SKU-A7179,Product 448,Home>Kitchen>Appliances,Sony,100,$49.91,453.82,USD,10.72,16x21x29,No,,48,External,"{""color"": ""Red"", ""material"": ""Wood"", ""warranty_years"": 5}"
449,SKU-N1391,Product 449,Electronics>Audio>Headphones,LG,141,$84.08,52.92,USD,17.03,38x46x26,1,53,33,Zone C,"{""color"": ""Blue"", ""material"": ""Metal"", ""warranty_years"": 4}"
450,SKU-T9991,Product 450,Electronics>Video>TVs,Unknown,116,$42.72,431.04,USD,12.38,48x24x49,0,,31,External,"{""color"": ""Red"", ""material"": ""Metal"", ""warranty_years"": 1}"
451,SKU-Z9634,Product 451,Electronics>Audio>Headphones,Nike,149,$168.96,287.64,USD,8.7,33x40x34,False,-5,40,External,"{""color"": ""Blue"", ""material"": ""Metal"", ""warranty_years"": 2}"
452,SKU-R6383,Product 452,Electronics>Audio>Headphones,LG,115,$149.64,339.23,USD,18.51,27x49x38,False,181,19,Zone B,"{""color"": ""Blue"", ""material"": ""Plastic"", ""warranty_years"": 3}"
453,SKU-L3005,Product 453,Apparel>Men>Shirts,Adidas,101,$35.79,46.83,USD,0.82,30x38x49,Yes,,36,Zone C,"{""color"": ""White"", ""material"": ""Metal"", ""warranty_years"": 4}"
454,SKU-B2974,Product 454,Electronics>Audio>Headphones,Nike,148,$84.37,385.47,USD,9.82,39x19x36,Yes,463,43,Zone A,"{""color"": ""White"", ""material"": ""Plastic"", ""warranty_years"": 3}"
455,SKU-N9542,Product 455,Electronics>Audio>Headphones,Nike,103,$140.88,81.33,USD,13.25,30x23x26,False,-10,48,Zone B,"{""color"": ""Red"", ""material"": ""Wood"", ""warranty_years"": 4}"
456,SKU-Q6747,Product 456,Apparel>Men>Shirts,Nike,131,$193.75,483.11,USD,16.74,46x46x49,1,181,33,Zone C,"{""color"": ""Black"", ""material"": ""Plastic"", ""warranty_years"": 2}"
457,SKU-I7318,Product 457,Apparel>Men>Shirts,Sony,106,€132.76,403.66,USD,10.87,12x49x33,False,345,30,Zone C,"{""color"": ""White"", ""material"": ""Wood"", ""warranty_years"": 2}"
458,SKU-Y1675,Product 458,Apparel>Women>Shoes,Unknown,128,€91.01,256.58,USD,17.72,32x21x36,0,-5,24,Zone B,"{""color"": ""Black"", ""material"": ""Cotton"", ""warranty_years"": 4}"
459,SKU-G3250,Product 459,Electronics>Audio>Headphones,Adidas,108,$112.44,463.6,USD,8.58,47x38x14,False,181,26,External,"{""color"": ""Red"", ""material"": ""Wood"", ""warranty_years"": 5}"
460,SKU-J7712,Product 460,Home>Kitchen>Appliances,Samsung,134,$120.56,101.16,USD,6.41,32x46x20,True,411,28,Zone A,"{""color"": ""White"", ""material"": ""Metal"", ""warranty_years"": 2}"
461,SKU-C7160,Product 461,Apparel>Men>Shirts,Sony,104,$198.65,496.0,USD,19.48,15x32x30,1,216,34,Zone A,"{""color"": ""Blue"", ""material"": ""Plastic"", ""warranty_years"": 1}"
462,SKU-P8880,Product 462,Electronics>Video>TVs,Sony,149,$31.31,364.07,USD,13.38,25x33x38,1,286,49,Zone C,"{""color"": ""White"", ""material"": ""Wood"", ""warranty_years"": 5}"
463,SKU-M5757,Product 463,Apparel>Women>Shoes,Nike,120,€198.84,67.22,USD,8.57,40x26x30,False,286,31,Zone C,"{""color"": ""Blue"", ""material"": ""Cotton"", ""warranty_years"": 2}"
464,SKU-I1415,Product 464,Apparel>Women>Shoes,Sony,116,$27.7,277.56,USD,17.58,31x11x46,True,52,23,Zone A,"{""color"": ""Red"", ""material"": ""Plastic"", ""warranty_years"": 4}"
465,SKU-M6065,Product 465,Electronics>Audio>Headphones,Unknown,138,€62.17,361.22,USD,13.69,44x40x41,0,-10,37,Zone C,"{""color"": ""Black"", ""material"": ""Cotton"", ""warranty_years"": 4}"
466,SKU-K1780,Product 466,Home>Kitchen>Appliances,Unknown,113,$94.22,314.25,USD,12.79,46x45x46,False,414,21,Zone A,"{""color"": ""Red"", ""material"": ""Cotton"", ""warranty_years"": 5}"
467,SKU-I2800,Product 467,Apparel>Men>Shirts,Unknown,131,$139.4,223.5,USD,14.6,39x15x18,0,216,36,External,"{""color"": ""White"", ""material"": ""Wood"", ""warranty_years"": 5}"
468,SKU-W2424,Product 468,Electronics>Video>TVs,Samsung,114,$153.12,139.11,USD,14.79,31x16x32,True,,33,Zone A,"{""color"": ""White"", ""material"": ""Metal"", ""warranty_years"": 1}"
469,SKU-F8103,Product 469,Electronics>Audio>Headphones,Sony,120,$149.43,134.35,USD,9.91,18x36x40,False,181,31,Zone A,"{""color"": ""Black"", ""material"": ""Plastic"", ""warranty_years"": 3}"
470,SKU-W3780,Product 470,Home>Kitchen>Appliances,,113,$25.71,464.94,USD,8.44,27x28x50,False,181,48,Zone A,"{""color"": ""Red"", ""material"": ""Wood"", ""warranty_years"": 3}"
471,SKU-U5074,Product 471,Electronics>Audio>Headphones,Unknown,140,$117.39,132.68,USD,18.19,17x32x19,0,-10,48,Zone C,"{""color"": ""Blue"", ""material"": ""Plastic"", ""warranty_years"": 2}"
472,SKU-B2178,Product 472,Electronics>Audio>Headphones,Sony,115,$186.69,481.95,USD,10.0,43x36x41,False,414,45,External,"{""color"": ""White"", ""material"": ""Plastic"", ""warranty_years"": 1}"
473,SKU-G9012,Product 473,Apparel>Women>Shoes,Nike,100,$181.72,120.91,USD,4.39,11x41x21,True,137,32,Zone B,"{""color"": ""Blue"", ""material"": ""Wood"", ""warranty_years"": 2}"
474,SKU-W2456,Product 474,Electronics>Video>TVs,Adidas,139,$45.52,204.46,USD,10.48,27x31x11,False,181,17,Zone B,"{""color"": ""Black"", ""material"": ""Metal"", ""warranty_years"": 2}"
475,SKU-H8647,Product 475,Electronics>Video>TVs,Unknown,117,$126.9,25.92,USD,0.78,46x44x22,Yes,,37,Zone A,"{""color"": ""Blue"", ""material"": ""Plastic"", ""warranty_years"": 2}"
476,SKU-M2987,Product 476,Electronics>Video>TVs,Samsung,133,$162.99,453.51,USD,14.49,43x44x39,True,463,38,Zone C,"{""color"": ""Red"", ""material"": ""Metal"", ""warranty_years"": 2}"
477,SKU-M9580,Product 477,Electronics>Video>TVs,Nike,125,$25.35,70.09,USD,2.63,37x21x47,1,216,24,Zone B,"{""color"": ""Red"", ""material"": ""Wood"", ""warranty_years"": 1}"
478,SKU-P5577,Product 478,Apparel>Men>Shirts,Sony,135,$16.3,191.52,USD,2.32,39x38x30,0,414,48,Zone B,"{""color"": ""Red"", ""material"": ""Plastic"", ""warranty_years"": 3}"
479,SKU-U4012,Product 479,Apparel>Men>Shirts,Unknown,120,$185.89,424.41,USD,18.93,24x25x25,No,137,17,Zone A,"{""color"": ""White"", ""material"": ""Cotton"", ""warranty_years"": 5}"
480,SKU-T7921,Product 480,Electronics>Video>TVs,Samsung,100,$99.06,400.11,USD,15.47,23x13x19,No,-5,37,Zone A,"{""color"": ""Red"", ""material"": ""Plastic"", ""warranty_years"": 2}"
481,SKU-W8775,Product 481,Home>Kitchen>Appliances,,126,$100.87,423.92,USD,8.34,30x31x41,True,463,42,Zone C,"{""color"": ""White"", ""material"": ""Plastic"", ""warranty_years"": 3}"
482,SKU-Q5632,Product 482,Apparel>Men>Shirts,LG,110,$163.02,458.77,USD,4.87,23x46x45,No,463,20,Zone B,"{""color"": ""Blue"", ""material"": ""Cotton"", ""warranty_years"": 2}"
483,SKU-M8405,Product 483,Apparel>Men>Shirts,Unknown,137,$87.65,457.31,USD,16.89,40x46x13,1,463,46,Zone A,"{""color"": ""White"", ""material"": ""Plastic"", ""warranty_years"": 4}"
484,SKU-N7878,Product 484,Home>Kitchen>Appliances,,113,€118.6,389.84,USD,19.37,19x11x12,1,53,34,External,"{""color"": ""Black"", ""material"": ""Cotton"", ""warranty_years"": 1}"
485,SKU-R6105,Product 485,Electronics>Video>TVs,,127,€129.16,299.56,USD,10.22,27x45x40,True,53,43,External,"{""color"": ""Red"", ""material"": ""Wood"", ""warranty_years"": 1}"
486,SKU-D5591,Product 486,Electronics>Audio>Headphones,Unknown,126,$113.88,289.54,USD,11.64,35x18x14,1,,31,External,"{""color"": ""Black"", ""material"": ""Metal"", ""warranty_years"": 1}"
487,SKU-K2650,Product 487,Apparel>Men>Shirts,Sony,121,$177.67,26.2,USD,4.94,19x17x31,1,411,11,Zone A,"{""color"": ""Blue"", ""material"": ""Plastic"", ""warranty_years"": 1}"
488,SKU-D9107,Product 488,Electronics>Audio>Headphones,Adidas,120,$66.97,366.83,USD,11.83,17x49x20,No,181,25,Zone C,"{""color"": ""White"", ""material"": ""Cotton"", ""warranty_years"": 1}"
489,SKU-D6796,Product 489,Electronics>Audio>Headphones,Sony,123,$78.82,128.8,USD,8.07,49x35x44,Yes,,20,External,"{""color"": ""White"", ""material"": ""Cotton"", ""warranty_years"": 2}"
490,SKU-J9686,Product 490,Home>Kitchen>Appliances,Adidas,118,$32.07,417.77,USD,16.93,30x42x10,False,181,23,External,"{""color"": ""White"", ""material"": ""Plastic"", ""warranty_years"": 3}"
491,SKU-U6853,Product 491,Electronics>Video>TVs,LG,123,€122.68,285.83,USD,7.6,42x24x35,No,137,41,External,"{""color"": ""Red"", ""material"": ""Wood"", ""warranty_years"": 2}"
492,SKU-C9970,Product 492,Electronics>Audio>Headphones,Nike,125,$163.04,493.88,USD,13.01,41x23x44,No,345,31,Zone A,"{""color"": ""Red"", ""material"": ""Cotton"", ""warranty_years"": 1}"
493,SKU-K4883,Product 493,Electronics>Video>TVs,Nike,124,€121.26,120.93,USD,4.15,19x48x17,Yes,181,14,Zone A,"{""color"": ""Blue"", ""material"": ""Cotton"", ""warranty_years"": 4}"
494,SKU-M9001,Product 494,Apparel>Women>Shoes,,144,$103.29,367.26,USD,1.9,23x48x16,False,,45,Zone A,"{""color"": ""Red"", ""material"": ""Cotton"", ""warranty_years"": 4}"
495,SKU-P2583,Product 495,Electronics>Video>TVs,Unknown,143,$173.13,282.82,USD,0.9,11x27x16,1,,32,External,"{""color"": ""Blue"", ""material"": ""Wood"", ""warranty_years"": 2}"
496,SKU-T8458,Product 496,Home>Kitchen>Appliances,Nike,128,$132.05,467.27,USD,8.37,12x15x18,False,463,28,Zone A,"{""color"": ""Red"", ""material"": ""Wood"", ""warranty_years"": 2}"
497,SKU-N4751,Product 497,Home>Kitchen>Appliances,Samsung,109,$99.15,147.68,USD,3.35,22x28x25,Yes,-10,38,Zone A,"{""color"": ""White"", ""material"": ""Metal"", ""warranty_years"": 1}"
498,SKU-V7060,Product 498,Apparel>Women>Shoes,Adidas,110,$7.26,48.53,USD,19.87,13x40x30,0,345,32,Zone C,"{""color"": ""White"", ""material"": ""Plastic"", ""warranty_years"": 1}"
499,SKU-M1847,Product 499,Home>Kitchen>Appliances,Sony,123,$81.18,281.06,USD,15.99,20x44x20,0,345,18,Zone A,"{""color"": ""Black"", ""material"": ""Wood"", ""warranty_years"": 5}"
500,SKU-A9517,Product 500,Electronics>Video>TVs,Samsung,123,$94.16,270.37,USD,13.9,32x45x26,False,52,27,Zone B,"{""color"": ""White"", ""material"": ""Cotton"", ""warranty_years"": 2}"
